,uid,timestamp,clock,sender,type,item,quantity,status,init_time,acked_time,received_time
0,e64255d6-fc6b-4df6-8df6-70af414248fb,2026-04-22 04:41:15.028057,"{0: 540, 1: 279, 2: 794, 3: 281, 4: 108, 5: 54}",4,BUY,BOAR,7,RECIEVED,1776847275.028057,,
1,f79c5733-25e1-424d-bead-84e1def620a0,2026-04-22 04:41:21.111448,"{0: 540, 1: 279, 2: 794, 3: 281, 4: 109, 5: 54}",4,BUY,FISH,9,RECIEVED,1776847281.1114483,,
2,294486ec-1843-4879-a43d-4d116a08b048,2026-04-22 04:41:23.182063,"{0: 540, 1: 279, 2: 794, 3: 281, 4: 110, 5: 54}",4,BUY,SALT,4,RECIEVED,1776847283.182063,,
3,764cf8ad-15f7-46ab-b82c-10c9960658ef,2026-04-22 04:41:29.291510,"{0: 540, 1: 279, 2: 794, 3: 281, 4: 111, 5: 54}",4,BUY,FISH,8,RECIEVED,1776847289.2915106,,
4,6354e42b-e3a8-4113-a1e5-0d88ce40fa82,2026-04-22 04:41:36.316405,"{0: 540, 1: 279, 2: 794, 3: 281, 4: 112, 5: 54}",4,BUY,FISH,7,RECIEVED,1776847296.3164058,,
5,410cabd3-6bd4-4961-a2e0-8a213bc07b63,2026-04-22 04:41:41.351247,"{0: 540, 1: 279, 2: 794, 3: 281, 4: 113, 5: 54}",4,BUY,SALT,1,RECIEVED,1776847301.351247,,
6,4217e6d8-4651-4dfd-8e57-3c8962be831d,2026-04-22 04:41:43.355921,"{0: 540, 1: 279, 2: 794, 3: 281, 4: 114, 5: 54}",4,BUY,SALT,7,RECIEVED,1776847303.3559215,,
7,43bacdde-5353-462c-8269-494296c77222,2026-04-22 04:42:10.393557,"{0: 540, 1: 279, 2: 794, 3: 282, 4: 114, 5: 54}",3,RESTOCK,FISH,20,RECIEVED,,,
8,fd1c03d3-8a99-44f6-8891-968be6b9e639,2026-04-22 04:42:10.395549,"{0: 540, 1: 280, 2: 794, 3: 281, 4: 114, 5: 54}",1,RESTOCK,FISH,20,RECIEVED,,,
9,34a500b4-a8f4-49e1-9998-331b28e29612,2026-04-22 04:42:10.397840,"{0: 541, 1: 280, 2: 794, 3: 282, 4: 114, 5: 54}",0,BUY,FISH,9,RECIEVED,,,
10,1a124aeb-05e6-43bc-b56c-3f97f0155ff0,2026-04-22 04:42:10.399874,"{0: 541, 1: 280, 2: 795, 3: 282, 4: 114, 5: 54}",2,RESTOCK,FISH,20,RECIEVED,,,
11,cffc45e5-eee4-48c2-b11b-a678bc348262,2026-04-22 04:42:10.402151,"{0: 541, 1: 280, 2: 796, 3: 282, 4: 114, 5: 54}",2,BUY,BOAR,6,RECIEVED,,,
12,245f3df3-10a6-42f6-bcea-f3329387781b,2026-04-22 04:42:10.404314,"{0: 532, 1: 274, 2: 784, 3: 278, 4: 107, 5: 54}",2,BUY,BOAR,1,RECIEVED,,,
13,b4b297ac-6452-4d0c-9e11-b77ecd5d4a63,2026-04-22 04:42:10.406280,"{0: 532, 1: 275, 2: 785, 3: 279, 4: 107, 5: 54}",2,RESTOCK,SALT,20,RECIEVED,,,
14,97c5e49c-a14d-412c-9c17-94235f015279,2026-04-22 04:42:10.407663,"{0: 533, 1: 275, 2: 786, 3: 279, 4: 107, 5: 54}",2,BUY,SALT,1,RECIEVED,,,
15,badb1a8d-b860-4bc5-8bb7-185946e97cdf,2026-04-22 04:42:10.409695,"{0: 533, 1: 275, 2: 787, 3: 279, 4: 107, 5: 54}",2,BUY,FISH,9,RECIEVED,,,
16,f26d7a92-21a6-4cee-9257-bf3e3b8d0dcd,2026-04-22 04:42:10.410726,"{0: 533, 1: 276, 2: 788, 3: 280, 4: 107, 5: 54}",2,RESTOCK,FISH,20,RECIEVED,,,
17,34746b0a-e741-42d8-885e-9a72710412cb,2026-04-22 04:42:10.413188,"{0: 536, 1: 276, 2: 789, 3: 280, 4: 107, 5: 54}",2,BUY,SALT,9,RECIEVED,,,
18,76a91656-1256-4891-9691-31039dcb36d9,2026-04-22 04:42:10.414215,"{0: 537, 1: 277, 2: 790, 3: 281, 4: 107, 5: 54}",2,RESTOCK,SALT,20,RECIEVED,,,
19,2394694c-0813-4405-91b9-4cb3595303bf,2026-04-22 04:42:10.416475,"{0: 537, 1: 277, 2: 791, 3: 281, 4: 107, 5: 54}",2,BUY,BOAR,7,RECIEVED,,,
20,f68ffdd0-4402-4947-a2a7-38fc7775a381,2026-04-22 04:42:10.417512,"{0: 540, 1: 279, 2: 794, 3: 281, 4: 107, 5: 54}",2,BUY,SALT,4,RECIEVED,,,
21,2e374c1f-721d-4ef5-8e4e-d821bcd4e09d,2026-04-22 04:42:10.419815,"{0: 542, 1: 280, 2: 796, 3: 282, 4: 114, 5: 54}",0,BUY,FISH,8,RECIEVED,,,
22,a8281a43-9e81-4743-b2cb-8326b7a0d7e5,2026-04-22 04:42:10.421136,"{0: 542, 1: 280, 2: 796, 3: 283, 4: 114, 5: 54}",3,RESTOCK,FISH,20,RECIEVED,,,
23,b90372bf-19c4-471d-8b18-4f242a02e4ec,2026-04-22 04:42:10.423556,"{0: 542, 1: 281, 2: 796, 3: 282, 4: 114, 5: 54}",1,RESTOCK,SALT,20,RECIEVED,,,
24,ccae7d8c-0770-49aa-8df4-75996c12f07c,2026-04-22 04:42:10.425609,"{0: 543, 1: 281, 2: 796, 3: 283, 4: 114, 5: 54}",0,BUY,FISH,6,RECIEVED,,,
25,c0e705df-2140-495c-9caf-9196588e769b,2026-04-22 04:42:12.176188,"{0: 544, 1: 281, 2: 796, 3: 283, 4: 114, 5: 54}",0,BUY,FISH,2,RECIEVED,,,
26,16919aef-f768-4f00-892a-95588a98cd2d,2026-04-22 04:42:15.770686,"{0: 544, 1: 282, 2: 796, 3: 283, 4: 114, 5: 54}",1,RESTOCK,FISH,20,RECIEVED,,,
27,2e51303b-92ca-4d8a-9ba9-7f55e841d659,2026-04-22 04:42:15.881075,"{0: 544, 1: 282, 2: 796, 3: 284, 4: 114, 5: 54}",3,RESTOCK,FISH,20,RECIEVED,,,
28,1a85e044-b90e-40b0-b889-4c89f4212e3b,2026-04-22 04:42:18.251320,"{0: 545, 1: 282, 2: 796, 3: 284, 4: 114, 5: 54}",0,BUY,SALT,3,RECIEVED,,,
29,1529be71-f73d-4bc3-9ac3-cd27c01b2998,2026-04-22 04:42:19.386916,"{0: 546, 1: 282, 2: 796, 3: 284, 4: 114, 5: 54}",0,BUY,SALT,4,RECIEVED,,,
30,a64f70d9-e243-4ddb-8747-dfff5133c0f5,2026-04-22 04:42:22.507458,"{0: 547, 1: 282, 2: 796, 3: 284, 4: 114, 5: 54}",0,BUY,BOAR,7,RECIEVED,,,
31,afe3946c-0f84-4f5e-896f-997ceff441f2,2026-04-22 04:42:25.867471,"{0: 547, 1: 283, 2: 796, 3: 284, 4: 114, 5: 54}",1,RESTOCK,SALT,20,RECIEVED,,,
32,5f1146ce-f12a-4b9d-bf57-5deb397fd43e,2026-04-22 04:42:25.987869,"{0: 547, 1: 283, 2: 796, 3: 285, 4: 114, 5: 54}",3,RESTOCK,BOAR,20,RECIEVED,,,
33,9e9778b4-abd1-483c-84e7-b85080c4578e,2026-04-22 04:42:42.557163,"{0: 547, 1: 283, 2: 796, 3: 285, 4: 115, 5: 54}",4,BUY,SALT,6,RECIEVED,,,
34,fdc1cf22-9842-4c65-8692-cb364c3aff07,2026-04-22 04:42:42.559350,"{0: 547, 1: 283, 2: 797, 3: 285, 4: 115, 5: 54}",2,RESTOCK,SALT,20,RECIEVED,,,
35,7a57256d-8029-4814-9d31-80b34edbc1e1,2026-04-22 04:42:42.561604,"{0: 547, 1: 283, 2: 798, 3: 285, 4: 115, 5: 54}",2,BUY,SALT,9,RECIEVED,,,
36,09e66370-3cba-4e15-9ed7-40312d722b4c,2026-04-22 04:42:42.563759,"{0: 548, 1: 283, 2: 798, 3: 285, 4: 115, 5: 54}",0,BUY,SALT,4,RECIEVED,,,
37,48e87bbe-a518-47b4-8279-28a53d74b413,2026-04-22 04:42:42.565774,"{0: 549, 1: 283, 2: 798, 3: 285, 4: 115, 5: 54}",0,BUY,BOAR,5,RECIEVED,,,
38,ad1b2b5a-e775-4dd9-ba0a-d2da0d551437,2026-04-22 04:42:42.567155,"{0: 549, 1: 283, 2: 798, 3: 285, 4: 116, 5: 54}",4,BUY,SALT,2,RECIEVED,,,
39,b1daabe7-7bdd-44ae-bbcc-5e4d522f3241,2026-04-22 04:42:42.569214,"{0: 549, 1: 284, 2: 798, 3: 285, 4: 116, 5: 54}",1,RESTOCK,BOAR,20,RECIEVED,,,
40,7aa6d7fa-b160-4004-8259-15a184578858,2026-04-22 04:42:42.571283,"{0: 549, 1: 284, 2: 799, 3: 285, 4: 116, 5: 54}",2,BUY,BOAR,1,RECIEVED,,,
41,70c7c1f9-e50e-43f0-8bb8-cec7229b10ca,2026-04-22 04:42:42.572331,"{0: 549, 1: 284, 2: 799, 3: 286, 4: 116, 5: 54}",3,RESTOCK,SALT,20,RECIEVED,,,
42,a4f8d41a-eea1-4c45-9185-a2f6c1937d33,2026-04-22 04:42:42.574603,"{0: 550, 1: 284, 2: 799, 3: 286, 4: 116, 5: 54}",0,BUY,SALT,7,RECIEVED,,,
43,5b0756cc-4843-40f0-a220-ed3a99a8d031,2026-04-22 04:42:42.576684,"{0: 550, 1: 284, 2: 800, 3: 286, 4: 116, 5: 54}",2,RESTOCK,FISH,20,RECIEVED,,,
44,db488196-cf69-4a94-99f2-f57aae905631,2026-04-22 04:42:42.577861,"{0: 551, 1: 284, 2: 800, 3: 286, 4: 116, 5: 54}",0,BUY,BOAR,9,RECIEVED,,,
45,a33a0a4f-1605-4c49-baaf-5729abeaf259,2026-04-22 04:42:42.579860,"{0: 551, 1: 284, 2: 801, 3: 286, 4: 116, 5: 54}",2,BUY,BOAR,1,RECIEVED,,,
46,95756539-e22b-472e-83a9-01338592c0e0,2026-04-22 04:42:42.581266,"{0: 551, 1: 284, 2: 802, 3: 286, 4: 116, 5: 54}",2,BUY,BOAR,6,RECIEVED,,,
47,bd135b31-bce0-4453-abdd-75910802df13,2026-04-22 04:42:42.786186,"{0: 551, 1: 284, 2: 802, 3: 286, 4: 117, 5: 54}",4,BUY,FISH,4,RECIEVED,,,
48,358811ad-677b-4ee0-b552-cd8bd8a3e267,2026-04-22 04:42:44.416467,"{0: 551, 1: 284, 2: 803, 3: 286, 4: 117, 5: 54}",2,BUY,FISH,5,RECIEVED,,,
49,e0ae289f-dc5c-4d5e-8049-fc9ab48f408a,2026-04-22 04:42:45.424549,"{0: 551, 1: 284, 2: 804, 3: 286, 4: 117, 5: 54}",2,BUY,SALT,7,RECIEVED,,,
50,8135cb84-5bfe-4c52-9e5b-ceddfa2d30da,2026-04-22 04:42:46.016202,"{0: 551, 1: 285, 2: 804, 3: 286, 4: 117, 5: 54}",1,RESTOCK,SALT,20,RECIEVED,,,
51,c9d2f675-67f3-4705-9188-5ece20e99643,2026-04-22 04:42:46.261466,"{0: 551, 1: 285, 2: 804, 3: 287, 4: 117, 5: 54}",3,RESTOCK,SALT,20,RECIEVED,,,
52,a43e63dd-7ef0-4b71-80d4-a009ccf2ebfc,2026-04-22 04:42:46.511753,"{0: 551, 1: 285, 2: 805, 3: 287, 4: 117, 5: 54}",2,BUY,BOAR,5,RECIEVED,,,
53,8fbc4fb3-47ea-4327-8d9f-6f11113a96bf,2026-04-22 04:42:46.838338,"{0: 551, 1: 285, 2: 805, 3: 287, 4: 118, 5: 54}",4,BUY,SALT,8,RECIEVED,,,
54,529fc0b6-30a3-4b38-8c91-7ab16f7e4460,2026-04-22 04:42:46.951343,"{0: 552, 1: 285, 2: 805, 3: 287, 4: 118, 5: 54}",0,BUY,SALT,7,RECIEVED,,,
55,4a5c16d9-f979-4737-9271-e28fdfc7b83a,2026-04-22 04:42:47.596178,"{0: 552, 1: 285, 2: 806, 3: 287, 4: 118, 5: 54}",2,BUY,SALT,5,RECIEVED,,,
56,260ab999-f7bd-4d5e-a1d5-8503c690afc8,2026-04-22 04:42:48.108047,"{0: 552, 1: 285, 2: 807, 3: 287, 4: 118, 5: 54}",2,RESTOCK,BOAR,20,RECIEVED,,,
57,69048558-a6d9-4882-86b1-3ebe37f74393,2026-04-22 04:42:50.980780,"{0: 553, 1: 285, 2: 807, 3: 287, 4: 118, 5: 54}",0,BUY,BOAR,2,RECIEVED,,,
58,76a5b85c-faca-4501-8762-821dd21ecffe,2026-04-22 04:42:54.949895,"{0: 553, 1: 285, 2: 807, 3: 287, 4: 119, 5: 54}",4,BUY,SALT,9,RECIEVED,,,
59,455bedf6-5f7b-41e6-8937-cfed322a3fca,2026-04-22 04:42:55.709423,"{0: 553, 1: 285, 2: 808, 3: 287, 4: 119, 5: 54}",2,BUY,BOAR,2,RECIEVED,,,
60,ebde2da1-c55b-413f-8b6d-4c40e65fa7bf,2026-04-22 04:42:56.071811,"{0: 553, 1: 286, 2: 808, 3: 287, 4: 119, 5: 54}",1,RESTOCK,BOAR,20,RECIEVED,,,
61,aa9648de-e9d0-4878-8502-682daf31f491,2026-04-22 04:42:56.316247,"{0: 553, 1: 286, 2: 808, 3: 288, 4: 119, 5: 54}",3,RESTOCK,FISH,20,RECIEVED,,,
62,ef04ecae-3a53-4de1-8e78-bfa5dd6c4ed8,2026-04-22 04:42:57.075353,"{0: 554, 1: 286, 2: 808, 3: 288, 4: 119, 5: 54}",0,BUY,FISH,7,RECIEVED,,,
63,cc2a481d-ed04-4a26-94cb-3a3b156c91b2,2026-04-22 04:42:58.225430,"{0: 554, 1: 286, 2: 809, 3: 288, 4: 119, 5: 54}",2,RESTOCK,SALT,20,RECIEVED,,,
64,1ac69c00-5cc2-4184-9020-2bb3d6304661,2026-04-22 04:42:58.752500,"{0: 554, 1: 286, 2: 810, 3: 288, 4: 119, 5: 54}",2,BUY,FISH,5,RECIEVED,,,
65,43baf345-5855-4396-b638-ec44351e9b7a,2026-04-22 04:42:58.970090,"{0: 554, 1: 286, 2: 810, 3: 288, 4: 120, 5: 54}",4,BUY,BOAR,6,RECIEVED,,,
66,55d82bef-842e-49fa-8ae3-09e2c651657a,2026-04-22 04:42:59.203525,"{0: 555, 1: 286, 2: 810, 3: 288, 4: 120, 5: 54}",0,BUY,FISH,4,RECIEVED,,,
67,4d1b2b6b-e0ad-4c76-909c-eb740f5875a6,2026-04-22 04:42:59.833001,"{0: 555, 1: 286, 2: 811, 3: 288, 4: 120, 5: 54}",2,BUY,SALT,1,RECIEVED,,,
68,bbdb3177-8c82-40f1-998c-a0a0ebdc87b0,2026-04-22 04:43:06.184507,"{0: 555, 1: 287, 2: 811, 3: 288, 4: 120, 5: 54}",1,RESTOCK,SALT,20,RECIEVED,,,
69,2d13d908-9aee-4c18-ba4d-7a5ab18d3f0f,2026-04-22 04:43:06.416804,"{0: 555, 1: 287, 2: 811, 3: 289, 4: 120, 5: 54}",3,RESTOCK,SALT,20,RECIEVED,,,
70,b13faf5c-3e07-4536-b718-30dec656b878,2026-04-22 04:43:06.908406,"{0: 555, 1: 287, 2: 812, 3: 289, 4: 120, 5: 54}",2,BUY,BOAR,9,RECIEVED,,,
71,0c2e0dd3-44b4-4f42-8809-960b5083e445,2026-04-22 04:43:07.993986,"{0: 555, 1: 287, 2: 812, 3: 289, 4: 121, 5: 54}",4,BUY,FISH,9,RECIEVED,,,
72,4961f918-ca48-4d58-bb57-863c9aae4eb8,2026-04-22 04:43:08.226094,"{0: 556, 1: 287, 2: 812, 3: 289, 4: 121, 5: 54}",0,BUY,FISH,4,RECIEVED,,,
73,388efe23-50f8-4fd8-8799-c5b72ccdd2f2,2026-04-22 04:43:08.336138,"{0: 556, 1: 287, 2: 813, 3: 289, 4: 121, 5: 54}",2,RESTOCK,FISH,20,RECIEVED,,,
74,56b2e8fd-6794-4f2f-a6d6-d3954b4ceb2c,2026-04-22 04:43:12.333562,"{0: 557, 1: 287, 2: 813, 3: 289, 4: 121, 5: 54}",0,BUY,FISH,9,RECIEVED,,,
75,f2113ab7-0329-4669-870d-9a8ace2ca629,2026-04-22 04:43:12.955051,"{0: 557, 1: 287, 2: 814, 3: 289, 4: 121, 5: 54}",2,BUY,FISH,1,RECIEVED,,,
76,44d2317f-32f4-496d-8aa9-fde3e53cc2a3,2026-04-22 04:43:13.080158,"{0: 557, 1: 287, 2: 814, 3: 289, 4: 122, 5: 54}",4,BUY,BOAR,3,RECIEVED,,,
77,b7adf0c7-1094-4915-9766-1452ea326293,2026-04-22 04:43:16.303056,"{0: 557, 1: 288, 2: 814, 3: 289, 4: 122, 5: 54}",1,RESTOCK,SALT,20,RECIEVED,,,
78,42c12459-71f9-47b9-bbb7-5ed033535806,2026-04-22 04:43:16.421827,"{0: 557, 1: 288, 2: 814, 3: 290, 4: 122, 5: 54}",3,RESTOCK,FISH,20,RECIEVED,,,
79,423b6c76-ecb9-46f1-b527-e10db740a3e6,2026-04-22 04:43:17.059916,"{0: 557, 1: 288, 2: 815, 3: 290, 4: 122, 5: 54}",2,BUY,BOAR,6,RECIEVED,,,
80,c4379e77-6acd-4b81-a5e2-9c300e364490,2026-04-22 04:43:18.445737,"{0: 557, 1: 288, 2: 816, 3: 290, 4: 122, 5: 54}",2,RESTOCK,FISH,20,RECIEVED,,,
81,5aa28a8b-ac5a-492f-a5db-a9322463cfe4,2026-04-22 04:43:19.437721,"{0: 558, 1: 288, 2: 816, 3: 290, 4: 122, 5: 54}",0,BUY,SALT,7,RECIEVED,,,
82,8c5c31bc-f0ed-4ed1-9742-716443eb7649,2026-04-22 04:43:21.187529,"{0: 558, 1: 288, 2: 816, 3: 290, 4: 123, 5: 54}",4,BUY,FISH,2,RECIEVED,,,
83,63659a80-8e4e-48d3-9f08-54eea35e63fb,2026-04-22 04:43:22.178632,"{0: 558, 1: 288, 2: 817, 3: 290, 4: 123, 5: 54}",2,BUY,BOAR,9,RECIEVED,,,
84,fec7c6fd-c821-4a37-ba1f-970cc136da5d,2026-04-22 04:43:23.533177,"{0: 559, 1: 288, 2: 817, 3: 290, 4: 123, 5: 54}",0,BUY,BOAR,1,RECIEVED,,,
85,a2c44796-59bd-40b8-aae4-7eff9c1fbfdd,2026-04-22 04:43:24.290064,"{0: 559, 1: 288, 2: 818, 3: 290, 4: 123, 5: 54}",2,BUY,FISH,6,RECIEVED,,,
86,75d44262-aaba-43a8-ae37-84e89792cf3e,2026-04-22 04:43:24.649003,"{0: 560, 1: 288, 2: 818, 3: 290, 4: 123, 5: 54}",0,BUY,SALT,7,RECIEVED,,,
87,7451cf0e-fc9b-43d6-8580-cbb8e22cb518,2026-04-22 04:43:26.217352,"{0: 560, 1: 288, 2: 818, 3: 290, 4: 124, 5: 54}",4,BUY,SALT,4,RECIEVED,,,
88,862b3dda-7293-4496-a079-ee4a0c582b20,2026-04-22 04:43:26.328811,"{0: 560, 1: 289, 2: 818, 3: 290, 4: 124, 5: 54}",1,RESTOCK,SALT,20,RECIEVED,,,
89,e383f053-7e54-4e3d-b6b5-05ff75d19948,2026-04-22 04:43:26.451344,"{0: 560, 1: 289, 2: 818, 3: 291, 4: 124, 5: 54}",3,RESTOCK,SALT,20,RECIEVED,,,
90,4d7fac7c-39d8-4b87-815e-0c5223a18882,2026-04-22 04:43:32.219379,"{0: 561, 1: 289, 2: 820, 3: 291, 4: 125, 5: 54}",4,BUY,SALT,3,RECIEVED,1776847412.2193792,,
91,0cf4b189-35b1-4a0d-87aa-98065509751d,2026-04-22 04:43:35.238644,"{0: 562, 1: 289, 2: 820, 3: 291, 4: 126, 5: 54}",4,BUY,SALT,9,RECIEVED,1776847415.2386448,,
92,9df5568e-194a-4f66-ad27-b04f869401d4,2026-04-22 04:43:41.322447,"{0: 563, 1: 290, 2: 822, 3: 292, 4: 127, 5: 54}",4,BUY,SALT,6,RECIEVED,1776847421.322447,,
93,2a375fdd-4407-4e98-81c0-f28b016683c0,2026-04-22 04:43:44.423993,"{0: 564, 1: 290, 2: 822, 3: 292, 4: 128, 5: 54}",4,BUY,BOAR,3,RECIEVED,1776847424.4239938,,
94,ec5d6fa9-14a4-4d7e-9e7e-ddabcbf68206,2026-04-22 04:43:52.435416,"{0: 567, 1: 291, 2: 826, 3: 293, 4: 129, 5: 54}",4,BUY,SALT,2,RECIEVED,1776847432.4354162,,
95,4304584a-d70a-454e-bbe2-e03c0867ac07,2026-04-22 04:43:53.508964,"{0: 568, 1: 291, 2: 826, 3: 293, 4: 130, 5: 54}",4,BUY,FISH,7,RECIEVED,1776847433.5089643,,
96,f651b621-6c29-4814-af8b-33c1915b2116,2026-04-22 04:43:59.582482,"{0: 569, 1: 292, 2: 827, 3: 294, 4: 131, 5: 54}",4,BUY,SALT,8,RECIEVED,1776847439.5824826,,
97,d1596135-20d4-4c6f-b2e3-120dad20ab22,2026-04-22 04:44:01.614010,"{0: 569, 1: 292, 2: 827, 3: 294, 4: 132, 5: 54}",4,BUY,FISH,7,RECIEVED,1776847441.61401,,
98,525c49ea-3119-4e22-8525-03d68224b6a2,2026-04-22 04:44:27.526098,"{0: 569, 1: 292, 2: 828, 3: 294, 4: 132, 5: 54}",2,RESTOCK,BOAR,20,RECIEVED,,,
99,228030a4-5cad-4e24-bde1-109754dadbbb,2026-04-22 04:44:27.528195,"{0: 569, 1: 292, 2: 829, 3: 294, 4: 132, 5: 54}",2,BUY,BOAR,2,RECIEVED,,,
100,2eaeadf7-3940-4905-9095-564430a5573d,2026-04-22 04:44:27.530239,"{0: 561, 1: 289, 2: 819, 3: 291, 4: 124, 5: 54}",2,BUY,SALT,9,RECIEVED,,,
101,5035081b-3b6b-4ae2-93b5-51f860acaf8a,2026-04-22 04:44:27.532327,"{0: 561, 1: 289, 2: 820, 3: 291, 4: 124, 5: 54}",2,RESTOCK,SALT,20,RECIEVED,,,
102,09052bbf-6dd0-4178-b4cc-d31b4018724e,2026-04-22 04:44:27.533383,"{0: 563, 1: 290, 2: 821, 3: 291, 4: 126, 5: 54}",2,BUY,BOAR,1,RECIEVED,,,
103,34ad32cb-c539-4f99-8e71-8d56948cfb89,2026-04-22 04:44:27.535409,"{0: 563, 1: 290, 2: 822, 3: 292, 4: 126, 5: 54}",2,RESTOCK,SALT,20,RECIEVED,,,
104,a2087386-3588-4847-9ddf-a5eb6a7f551b,2026-04-22 04:44:27.537410,"{0: 565, 1: 290, 2: 823, 3: 292, 4: 128, 5: 54}",2,BUY,FISH,7,RECIEVED,,,
105,90464205-9e68-45ab-9a05-a63d049ce40a,2026-04-22 04:44:27.540570,"{0: 565, 1: 291, 2: 824, 3: 292, 4: 128, 5: 54}",2,BUY,BOAR,6,RECIEVED,,,
106,c433f9d5-77e9-40b3-b11e-643733d81c60,2026-04-22 04:44:27.542661,"{0: 566, 1: 291, 2: 825, 3: 293, 4: 128, 5: 54}",2,RESTOCK,BOAR,20,RECIEVED,,,
107,33a544a9-9754-4ebb-b6db-63b82a259fb1,2026-04-22 04:44:27.544706,"{0: 567, 1: 291, 2: 826, 3: 293, 4: 128, 5: 54}",2,BUY,BOAR,2,RECIEVED,,,
108,1d4cc990-91c8-4a9d-8467-3c506a885da4,2026-04-22 04:44:27.547801,"{0: 569, 1: 292, 2: 827, 3: 294, 4: 130, 5: 54}",2,BUY,SALT,1,RECIEVED,,,
109,32a6c193-dfd2-42d8-9a56-62490ff2d45f,2026-04-22 04:44:27.549293,"{0: 569, 1: 293, 2: 829, 3: 294, 4: 132, 5: 54}",1,RESTOCK,SALT,20,RECIEVED,,,
110,3d784a56-3278-4984-bd9c-4a80ba58264a,2026-04-22 04:44:27.551349,"{0: 563, 1: 290, 2: 820, 3: 291, 4: 126, 5: 54}",1,RESTOCK,BOAR,20,RECIEVED,,,
111,70fba8cf-50a3-4ae6-8a33-ad39eecae74f,2026-04-22 04:44:27.553390,"{0: 565, 1: 291, 2: 823, 3: 292, 4: 128, 5: 54}",1,RESTOCK,BOAR,20,RECIEVED,,,
112,ccd50dc5-f798-45a6-87e9-44242f054d05,2026-04-22 04:44:27.555459,"{0: 569, 1: 292, 2: 826, 3: 293, 4: 130, 5: 54}",1,RESTOCK,FISH,20,RECIEVED,,,
113,f0248a6b-5571-4e3e-83ad-ee6edd2073c6,2026-04-22 04:44:27.557492,"{0: 569, 1: 293, 2: 829, 3: 295, 4: 132, 5: 54}",3,RESTOCK,FISH,20,RECIEVED,,,
114,65081c65-02c2-46c4-9652-84af7a19b113,2026-04-22 04:44:27.559494,"{0: 563, 1: 290, 2: 821, 3: 292, 4: 126, 5: 54}",3,RESTOCK,BOAR,20,RECIEVED,,,
115,31095449-d33b-42ac-b2d3-440f22806a8e,2026-04-22 04:44:27.561621,"{0: 565, 1: 291, 2: 823, 3: 293, 4: 128, 5: 54}",3,RESTOCK,FISH,20,RECIEVED,,,
116,fc9d19c5-e885-42d4-a5ed-a38c050327d9,2026-04-22 04:44:27.563730,"{0: 569, 1: 292, 2: 826, 3: 294, 4: 130, 5: 54}",3,RESTOCK,FISH,20,RECIEVED,,,
117,c6e9699e-90e2-4d85-84fb-860365d9650f,2026-04-22 04:44:27.564787,"{0: 569, 1: 291, 2: 826, 3: 293, 4: 130, 5: 54}",0,BUY,FISH,2,RECIEVED,,,
118,55b4bb19-7c28-4fd4-bedc-3ed246da2c92,2026-04-22 04:44:27.567144,"{0: 561, 1: 289, 2: 818, 3: 291, 4: 124, 5: 54}",0,BUY,BOAR,5,RECIEVED,,,
119,1cab4f87-2370-42db-98c0-eb86f6900b89,2026-04-22 04:44:27.568170,"{0: 562, 1: 289, 2: 820, 3: 291, 4: 125, 5: 54}",0,BUY,FISH,6,RECIEVED,,,
120,44c26585-6e58-4fe8-8e06-8a7d3368de24,2026-04-22 04:44:27.570570,"{0: 563, 1: 289, 2: 820, 3: 291, 4: 126, 5: 54}",0,BUY,SALT,5,RECIEVED,,,
121,6ddfb6b8-6999-4a6e-9f09-27e950ecd1af,2026-04-22 04:44:27.571810,"{0: 564, 1: 290, 2: 822, 3: 292, 4: 127, 5: 54}",0,BUY,FISH,9,RECIEVED,,,
122,6d90a9f6-efdd-427d-98d9-d53f81018601,2026-04-22 04:44:27.574259,"{0: 565, 1: 290, 2: 822, 3: 292, 4: 128, 5: 54}",0,BUY,BOAR,5,RECIEVED,,,
123,66c3f0d3-0a90-446d-9e0b-cd05a98d0407,2026-04-22 04:44:27.575938,"{0: 566, 1: 291, 2: 824, 3: 293, 4: 128, 5: 54}",0,BUY,SALT,4,RECIEVED,,,
124,3f7aa659-8a81-4559-878c-dc41afb17b5d,2026-04-22 04:44:27.576938,"{0: 567, 1: 291, 2: 825, 3: 293, 4: 128, 5: 54}",0,BUY,SALT,2,RECIEVED,,,
125,897f0d06-6da4-4c90-baa2-b2207a204280,2026-04-22 04:44:27.579214,"{0: 568, 1: 291, 2: 826, 3: 293, 4: 129, 5: 54}",0,BUY,BOAR,8,RECIEVED,,,
126,a97977c8-8409-4678-b358-63c425cadec1,2026-04-22 04:44:27.580240,"{0: 570, 1: 293, 2: 829, 3: 295, 4: 132, 5: 54}",0,BUY,FISH,8,RECIEVED,,,
127,810cdcad-6d96-4813-ab2f-cd661340d44c,2026-04-22 04:45:33.725594,"{0: 570, 1: 293, 2: 830, 3: 295, 4: 132, 5: 54}",2,RESTOCK,FISH,20,RECIEVED,,,
128,82635226-fb2c-4e83-a22b-fc39089f8818,2026-04-22 04:45:33.727930,"{0: 570, 1: 293, 2: 831, 3: 295, 4: 132, 5: 54}",2,BUY,SALT,2,RECIEVED,,,
129,865db25d-89e0-4a3f-b829-ede23553c38a,2026-04-22 04:45:33.730266,"{0: 570, 1: 294, 2: 831, 3: 295, 4: 132, 5: 54}",1,RESTOCK,BOAR,20,RECIEVED,,,
130,283d144a-514a-417c-b540-88745c1a0ccf,2026-04-22 04:45:33.731390,"{0: 570, 1: 294, 2: 831, 3: 296, 4: 132, 5: 54}",3,RESTOCK,SALT,20,RECIEVED,,,
131,9e5ca272-9ad8-48c9-8ce1-7e2396229a3e,2026-04-22 04:45:33.733731,"{0: 571, 1: 294, 2: 831, 3: 296, 4: 132, 5: 54}",0,BUY,BOAR,7,RECIEVED,,,
132,409d2441-a5bf-43d4-874d-ce71beeb995f,2026-04-22 04:45:33.735736,"{0: 572, 1: 294, 2: 831, 3: 296, 4: 132, 5: 54}",0,BUY,SALT,3,RECIEVED,,,
133,02f38a46-079d-4104-a729-d3cf97ba548f,2026-04-22 04:45:33.736838,"{0: 572, 1: 294, 2: 832, 3: 296, 4: 132, 5: 54}",2,BUY,SALT,7,RECIEVED,,,
134,a72b8339-5e8d-47a9-ad84-08122fe524e9,2026-04-22 04:45:33.738892,"{0: 573, 1: 294, 2: 832, 3: 296, 4: 132, 5: 54}",0,BUY,FISH,1,RECIEVED,,,
135,ae91417d-4c97-45c5-91aa-a7d40291d590,2026-04-22 04:45:33.740322,"{0: 573, 1: 294, 2: 833, 3: 296, 4: 132, 5: 54}",2,RESTOCK,FISH,20,RECIEVED,,,
136,96eed201-ac39-4223-b47c-99909708af1f,2026-04-22 04:45:33.742681,"{0: 573, 1: 294, 2: 834, 3: 296, 4: 132, 5: 54}",2,BUY,FISH,1,RECIEVED,,,
137,88f256e8-0e2e-43b9-a315-057fb80ebba3,2026-04-22 04:45:33.744733,"{0: 573, 1: 295, 2: 834, 3: 296, 4: 132, 5: 54}",1,RESTOCK,SALT,20,RECIEVED,,,
138,2e866035-a6bb-45ff-8814-1984f38fcb83,2026-04-22 04:45:33.746878,"{0: 573, 1: 295, 2: 834, 3: 297, 4: 132, 5: 54}",3,RESTOCK,SALT,20,RECIEVED,,,
139,8a64c595-3d9f-4631-83ed-a18bbe9692e6,2026-04-22 04:45:34.149064,"{0: 573, 1: 295, 2: 835, 3: 297, 4: 132, 5: 54}",2,BUY,SALT,7,RECIEVED,,,
140,c95904b6-166e-4a1d-83ad-2d0e2d2a47a8,2026-04-22 04:45:36.004103,"{0: 574, 1: 295, 2: 835, 3: 297, 4: 132, 5: 54}",0,BUY,BOAR,6,RECIEVED,,,
141,89bbcd50-ec94-420c-9a2f-c3f573b3adff,2026-04-22 04:45:37.259704,"{0: 574, 1: 295, 2: 836, 3: 297, 4: 132, 5: 54}",2,BUY,BOAR,1,RECIEVED,,,
142,514653e4-afb0-410a-a336-41ea332a6cd3,2026-04-22 04:45:39.123901,"{0: 574, 1: 295, 2: 837, 3: 297, 4: 132, 5: 54}",2,RESTOCK,BOAR,20,RECIEVED,,,
143,ca0bc1b7-8a6a-43ee-adc8-85a383dbefdf,2026-04-22 04:45:39.356537,"{0: 574, 1: 296, 2: 837, 3: 297, 4: 132, 5: 54}",1,RESTOCK,SALT,20,RECIEVED,,,
144,a41a56d3-6fb9-472d-af40-df42aa9f406a,2026-04-22 04:45:39.480384,"{0: 574, 1: 296, 2: 837, 3: 298, 4: 132, 5: 54}",3,RESTOCK,BOAR,20,RECIEVED,,,
145,6bfe5b39-164a-4bf6-809f-aed13eb53f9a,2026-04-22 04:45:42.098532,"{0: 575, 1: 296, 2: 837, 3: 298, 4: 132, 5: 54}",0,BUY,SALT,5,RECIEVED,,,
146,3cfb2204-eaca-433e-972f-7895ebf1016f,2026-04-22 04:45:45.369276,"{0: 575, 1: 296, 2: 838, 3: 298, 4: 132, 5: 54}",2,BUY,BOAR,3,RECIEVED,,,
147,b21daacc-2082-4db2-b741-a60ab2fb2c70,2026-04-22 04:45:47.226021,"{0: 576, 1: 296, 2: 838, 3: 298, 4: 132, 5: 54}",0,BUY,SALT,8,RECIEVED,,,
148,3899dc93-34e1-4a40-9fcf-90c63f07853f,2026-04-22 04:45:48.493218,"{0: 576, 1: 296, 2: 839, 3: 298, 4: 132, 5: 54}",2,BUY,SALT,5,RECIEVED,,,
149,11a8cd13-a5b1-4923-afe9-cdc8f507f0ea,2026-04-22 04:45:49.129122,"{0: 576, 1: 296, 2: 840, 3: 298, 4: 132, 5: 54}",2,RESTOCK,SALT,20,RECIEVED,,,
150,f6bc55b7-e56e-45e8-a2bc-4de2cb5b8d74,2026-04-22 04:45:49.365777,"{0: 576, 1: 297, 2: 840, 3: 298, 4: 132, 5: 54}",1,RESTOCK,BOAR,20,RECIEVED,,,
151,15d9176a-eda5-4d47-a161-3383917e60d5,2026-04-22 04:45:49.491220,"{0: 576, 1: 297, 2: 840, 3: 299, 4: 132, 5: 54}",3,RESTOCK,BOAR,20,RECIEVED,,,
152,37a5469c-dcf7-4513-a230-af1b89e0127c,2026-04-22 04:45:53.353247,"{0: 577, 1: 297, 2: 840, 3: 299, 4: 132, 5: 54}",0,BUY,BOAR,9,RECIEVED,,,
153,1485821a-4b2a-4cd9-b6e4-5223006f53dd,2026-04-22 04:45:56.470228,"{0: 578, 1: 297, 2: 840, 3: 299, 4: 132, 5: 54}",0,BUY,SALT,3,RECIEVED,,,
154,4d95b565-03a1-4a17-ae51-24ba72bab64c,2026-04-22 04:45:57.584559,"{0: 578, 1: 297, 2: 841, 3: 299, 4: 132, 5: 54}",2,BUY,FISH,8,RECIEVED,,,
155,49724ec7-bc25-488f-9c65-e8f05ea47d85,2026-04-22 04:45:59.216422,"{0: 578, 1: 297, 2: 842, 3: 299, 4: 132, 5: 54}",2,RESTOCK,FISH,20,RECIEVED,,,
156,06dce4f9-da31-4bf4-a536-b2ea94687741,2026-04-22 04:45:59.451371,"{0: 578, 1: 298, 2: 842, 3: 299, 4: 132, 5: 54}",1,RESTOCK,SALT,20,RECIEVED,,,
157,65b3c3da-fe2b-46d3-80b2-f789120127ec,2026-04-22 04:45:59.572495,"{0: 578, 1: 298, 2: 842, 3: 300, 4: 132, 5: 54}",3,RESTOCK,SALT,20,RECIEVED,,,
158,82d2ea7f-c17f-4f73-8a4c-f6a3976e622a,2026-04-22 04:46:01.612774,"{0: 578, 1: 298, 2: 843, 3: 300, 4: 132, 5: 54}",2,BUY,FISH,4,RECIEVED,,,
159,f388ec02-9c9b-4a95-88d6-f2c1d39747d6,2026-04-22 04:46:03.589172,"{0: 579, 1: 298, 2: 843, 3: 300, 4: 132, 5: 54}",0,BUY,BOAR,1,RECIEVED,,,
160,265fb15a-f2aa-4fe6-8fbb-ee7eb01ff09d,2026-04-22 04:46:04.591478,"{0: 580, 1: 298, 2: 843, 3: 300, 4: 132, 5: 54}",0,BUY,FISH,2,RECIEVED,,,
161,ebd3187d-628c-4fb7-ad87-4c2f59ff90bc,2026-04-22 04:46:04.708693,"{0: 580, 1: 298, 2: 844, 3: 300, 4: 132, 5: 54}",2,BUY,SALT,5,RECIEVED,,,
162,3b19358b-5f61-4bd1-bd40-5ff1a8c7f4ec,2026-04-22 04:46:07.676508,"{0: 581, 1: 298, 2: 844, 3: 300, 4: 132, 5: 54}",0,BUY,BOAR,1,RECIEVED,,,
163,7a752803-e8f7-4622-9e38-7320b265ea6b,2026-04-22 04:46:08.798416,"{0: 582, 1: 298, 2: 844, 3: 300, 4: 132, 5: 54}",0,BUY,FISH,9,RECIEVED,,,
164,99b31565-7ced-47b4-92bb-7e077ae5bbd1,2026-04-22 04:46:09.308235,"{0: 582, 1: 298, 2: 845, 3: 300, 4: 132, 5: 54}",2,RESTOCK,SALT,20,RECIEVED,,,
165,dc663fa1-3e8a-45c6-a286-0a678116824a,2026-04-22 04:46:09.540873,"{0: 582, 1: 299, 2: 845, 3: 300, 4: 132, 5: 54}",1,RESTOCK,FISH,20,RECIEVED,,,
166,afa8fc4f-b7f1-48b2-8f5b-f06d60f8a3e2,2026-04-22 04:46:09.665460,"{0: 582, 1: 299, 2: 845, 3: 301, 4: 132, 5: 54}",3,RESTOCK,FISH,20,RECIEVED,,,
167,614f5ec5-a5f9-4bba-a4b6-367b421b681d,2026-04-22 04:46:11.790060,"{0: 582, 1: 299, 2: 846, 3: 301, 4: 132, 5: 54}",2,BUY,FISH,9,RECIEVED,,,
168,98322743-197f-47a9-8214-46ff617954eb,2026-04-22 04:46:14.897214,"{0: 583, 1: 299, 2: 846, 3: 301, 4: 132, 5: 54}",0,BUY,SALT,7,RECIEVED,,,
169,41b8f143-9c30-4626-baa1-398242165c51,2026-04-22 04:46:16.888799,"{0: 583, 1: 299, 2: 847, 3: 301, 4: 132, 5: 54}",2,BUY,BOAR,9,RECIEVED,,,
170,0609ddb2-95a3-4e92-995c-e054a8c9e7d9,2026-04-22 04:46:19.753252,"{0: 583, 1: 300, 2: 849, 3: 302, 4: 132, 5: 54}",3,RESTOCK,FISH,20,RECIEVED,1776847579.753253,,
171,e68e07df-b835-4ea3-b171-90fb0a963d80,2026-04-22 04:46:29.882713,"{0: 585, 1: 301, 2: 852, 3: 303, 4: 132, 5: 54}",3,RESTOCK,FISH,20,RECIEVED,1776847589.8827136,,
172,8f656d09-9688-40bc-87a7-3a617d326a98,2026-04-22 04:46:39.930853,"{0: 588, 1: 302, 2: 855, 3: 304, 4: 132, 5: 54}",3,RESTOCK,SALT,20,RECIEVED,1776847599.9308538,,
173,27ddc384-13c3-42cd-a957-c2ff643b4707,2026-04-22 04:47:22.347047,"{0: 590, 1: 303, 2: 860, 3: 304, 4: 132, 5: 54}",2,BUY,SALT,3,RECIEVED,,,
174,9f9bce25-b78c-4538-89df-6ba6d901907a,2026-04-22 04:47:22.349201,"{0: 583, 1: 299, 2: 848, 3: 301, 4: 132, 5: 54}",2,BUY,FISH,8,RECIEVED,,,
175,f9abf7ea-7bbb-4d4f-9e63-78a30c73e886,2026-04-22 04:47:22.351516,"{0: 583, 1: 299, 2: 849, 3: 301, 4: 132, 5: 54}",2,RESTOCK,BOAR,20,RECIEVED,,,
176,57a4569b-d75e-48b2-9208-5af03081a478,2026-04-22 04:47:22.354088,"{0: 585, 1: 300, 2: 850, 3: 302, 4: 132, 5: 54}",2,BUY,BOAR,2,RECIEVED,,,
177,88c0e9d2-8cdf-4e97-97f9-de816b16aaaa,2026-04-22 04:47:22.356985,"{0: 588, 1: 301, 2: 855, 3: 303, 4: 132, 5: 54}",2,RESTOCK,SALT,20,RECIEVED,,,
178,ca28e1df-297c-488b-b1ec-3659945ece6f,2026-04-22 04:47:22.359066,"{0: 585, 1: 300, 2: 852, 3: 302, 4: 132, 5: 54}",2,RESTOCK,BOAR,20,RECIEVED,,,
179,f8a6d14f-a825-4371-92b7-88b6176930ca,2026-04-22 04:47:22.361211,"{0: 586, 1: 301, 2: 853, 3: 303, 4: 132, 5: 54}",2,BUY,SALT,4,RECIEVED,,,
180,64bcbade-d766-44b6-8d90-0bbfd2217969,2026-04-22 04:47:22.362271,"{0: 586, 1: 301, 2: 854, 3: 303, 4: 132, 5: 54}",2,BUY,SALT,9,RECIEVED,,,
181,da8de4e0-4a44-4522-8b7c-77a086317e5f,2026-04-22 04:47:22.364345,"{0: 585, 1: 300, 2: 851, 3: 302, 4: 132, 5: 54}",2,BUY,BOAR,8,RECIEVED,,,
182,3b5e784b-6c6d-492c-be28-720e71264e2e,2026-04-22 04:47:22.366605,"{0: 588, 1: 302, 2: 856, 3: 304, 4: 132, 5: 54}",2,BUY,SALT,8,RECIEVED,,,
183,01612665-c551-4139-81d3-b487416b7cc8,2026-04-22 04:47:22.368671,"{0: 588, 1: 302, 2: 857, 3: 304, 4: 132, 5: 54}",2,BUY,FISH,9,RECIEVED,,,
184,e5f8aebc-5729-4a10-8925-1608e4a25b0f,2026-04-22 04:47:22.369738,"{0: 589, 1: 302, 2: 858, 3: 304, 4: 132, 5: 54}",2,RESTOCK,FISH,20,RECIEVED,,,
185,af1b6f9a-e98e-4fd3-bf08-de16718c6399,2026-04-22 04:47:22.372044,"{0: 589, 1: 302, 2: 859, 3: 304, 4: 132, 5: 54}",2,BUY,BOAR,2,RECIEVED,,,
186,a9fe6e70-0747-43fa-a81c-ffb2b065edba,2026-04-22 04:47:22.374093,"{0: 591, 1: 303, 2: 860, 3: 304, 4: 132, 5: 54}",0,BUY,BOAR,2,RECIEVED,,,
187,4839a14e-54cf-49db-821a-582895376c7c,2026-04-22 04:47:22.375096,"{0: 583, 1: 300, 2: 849, 3: 301, 4: 132, 5: 54}",1,RESTOCK,SALT,20,RECIEVED,,,
188,d4332240-483a-4ed7-84df-de5ed8b1f483,2026-04-22 04:47:22.377430,"{0: 585, 1: 301, 2: 852, 3: 302, 4: 132, 5: 54}",1,RESTOCK,BOAR,20,RECIEVED,,,
189,24789107-5c91-4b7c-ae91-fc4b50f9041c,2026-04-22 04:47:22.379504,"{0: 588, 1: 302, 2: 855, 3: 303, 4: 132, 5: 54}",1,RESTOCK,FISH,20,RECIEVED,,,
190,c9a66fcb-6486-409f-8784-7c256948996f,2026-04-22 04:47:22.380533,"{0: 589, 1: 303, 2: 859, 3: 304, 4: 132, 5: 54}",1,RESTOCK,SALT,20,RECIEVED,,,
191,4c88782f-8387-4289-b1c5-95cb85d02ea9,2026-04-22 04:47:22.382596,"{0: 584, 1: 300, 2: 849, 3: 302, 4: 132, 5: 54}",0,BUY,FISH,5,RECIEVED,,,
192,d9758004-6bd8-42fc-a7d7-c227e364e9a8,2026-04-22 04:47:22.384646,"{0: 585, 1: 300, 2: 849, 3: 302, 4: 132, 5: 54}",0,BUY,FISH,8,RECIEVED,,,
193,4a13f5a6-3bd4-49f4-9598-5603058367e5,2026-04-22 04:47:22.385883,"{0: 586, 1: 301, 2: 852, 3: 303, 4: 132, 5: 54}",0,BUY,SALT,4,RECIEVED,,,
194,80c2776e-bd9e-4699-a8fc-45e2e81755ba,2026-04-22 04:47:22.388142,"{0: 587, 1: 301, 2: 854, 3: 303, 4: 132, 5: 54}",0,BUY,FISH,9,RECIEVED,,,
195,43fab2f6-e976-40c6-b202-c2bb9458376e,2026-04-22 04:47:22.389168,"{0: 588, 1: 301, 2: 854, 3: 303, 4: 132, 5: 54}",0,BUY,SALT,9,RECIEVED,,,
196,2a8580df-a72c-47b8-a15a-4c0062f75c58,2026-04-22 04:47:22.391195,"{0: 589, 1: 302, 2: 857, 3: 304, 4: 132, 5: 54}",0,BUY,BOAR,8,RECIEVED,,,
197,3a02ba52-9bd0-4d81-bd41-1b10983875a9,2026-04-22 04:47:22.393594,"{0: 590, 1: 302, 2: 859, 3: 304, 4: 132, 5: 54}",0,BUY,FISH,6,RECIEVED,,,
198,9b95f82a-49ee-47e1-9bc4-01f22a7a3ad5,2026-04-22 04:47:22.394593,"{0: 591, 1: 303, 2: 860, 3: 305, 4: 132, 5: 54}",3,RESTOCK,SALT,20,RECIEVED,,,
199,61d91a78-f95c-41df-b508-e0756dd40eaa,2026-04-22 04:47:25.233141,"{0: 591, 1: 303, 2: 860, 3: 306, 4: 132, 5: 54}",3,RESTOCK,FISH,20,RECIEVED,,,
200,72fe152a-6cdd-4af2-a3db-85f44ad74116,2026-04-22 04:47:35.313153,"{0: 591, 1: 303, 2: 860, 3: 307, 4: 132, 5: 54}",3,RESTOCK,SALT,20,RECIEVED,,,
201,8cc0a82f-0112-4b48-9e9a-609fe5ac6170,2026-04-22 04:47:45.357138,"{0: 591, 1: 303, 2: 860, 3: 308, 4: 132, 5: 54}",3,RESTOCK,SALT,20,RECIEVED,,,
202,3a84f6e7-cc4d-448e-8bdc-c6b2b89ae71a,2026-04-22 04:47:55.434105,"{0: 591, 1: 303, 2: 860, 3: 309, 4: 132, 5: 54}",3,RESTOCK,BOAR,20,RECIEVED,,,
203,22aef271-9555-42f3-ad1c-e80aff3cc9e2,2026-04-22 04:48:05.553794,"{0: 591, 1: 303, 2: 860, 3: 310, 4: 132, 5: 54}",3,RESTOCK,BOAR,20,RECIEVED,,,
204,3705ef00-b202-40fb-ae97-cf99e644b3fc,2026-04-22 04:48:25.015554,"{0: 591, 1: 303, 2: 861, 3: 310, 4: 132, 5: 54}",2,RESTOCK,BOAR,20,RECIEVED,,,
205,53e1d563-7215-472b-ad8c-760ac30376d9,2026-04-22 04:48:25.016689,"{0: 591, 1: 303, 2: 862, 3: 310, 4: 132, 5: 54}",2,BUY,FISH,6,RECIEVED,,,
206,ff9f1254-a030-499c-900f-7a419441e0e8,2026-04-22 04:48:25.018696,"{0: 591, 1: 304, 2: 862, 3: 310, 4: 132, 5: 54}",1,RESTOCK,BOAR,20,RECIEVED,,,
207,7d96d18b-a15f-4985-9791-80cff46bac6f,2026-04-22 04:48:25.020903,"{0: 592, 1: 303, 2: 862, 3: 310, 4: 132, 5: 54}",0,BUY,BOAR,7,RECIEVED,,,
208,ae4f7aa7-50a2-4471-8bae-aef3c41eeb38,2026-04-22 04:48:25.022997,"{0: 592, 1: 304, 2: 863, 3: 310, 4: 132, 5: 54}",2,BUY,BOAR,2,RECIEVED,,,
209,2c8cce55-e92b-4ebf-9a08-583b0d52bdc5,2026-04-22 04:48:25.025003,"{0: 593, 1: 304, 2: 863, 3: 310, 4: 132, 5: 54}",0,BUY,SALT,3,RECIEVED,,,
210,fbc7d565-a038-4c4b-9571-4832e46c52e7,2026-04-22 04:48:25.026109,"{0: 593, 1: 304, 2: 863, 3: 311, 4: 132, 5: 54}",3,RESTOCK,FISH,20,RECIEVED,,,
211,0e7bd801-94de-443d-866b-805f4ce3d43d,2026-04-22 04:48:25.028139,"{0: 593, 1: 304, 2: 864, 3: 311, 4: 132, 5: 54}",2,BUY,FISH,3,RECIEVED,,,
212,6812fdfa-9633-44fc-9f72-27cec99dc6ea,2026-04-22 04:48:25.030165,"{0: 593, 1: 304, 2: 865, 3: 311, 4: 132, 5: 54}",2,RESTOCK,SALT,20,RECIEVED,,,
213,71635b14-354c-4e61-a427-8ea8988d78e5,2026-04-22 04:48:25.032169,"{0: 593, 1: 305, 2: 865, 3: 311, 4: 132, 5: 54}",1,RESTOCK,BOAR,20,RECIEVED,,,
214,3fccd481-1320-4c98-a8e9-82c037b5beb5,2026-04-22 04:48:25.034211,"{0: 593, 1: 305, 2: 866, 3: 311, 4: 132, 5: 54}",2,BUY,FISH,1,RECIEVED,,,
215,a001d258-f8eb-4ad7-8bf5-d38229f2e67b,2026-04-22 04:48:25.035369,"{0: 594, 1: 305, 2: 866, 3: 311, 4: 132, 5: 54}",0,BUY,SALT,2,RECIEVED,,,
216,73d191c1-f89c-4cb1-965c-2fd1950fa355,2026-04-22 04:48:25.756848,"{0: 594, 1: 305, 2: 866, 3: 312, 4: 132, 5: 54}",3,RESTOCK,BOAR,20,RECIEVED,,,
217,8e1b4dbf-5d46-448f-b5f6-789c12e0f97e,2026-04-22 04:48:27.230198,"{0: 595, 1: 305, 2: 866, 3: 312, 4: 132, 5: 54}",0,BUY,FISH,2,RECIEVED,,,
218,a6e29b01-e195-4af9-ace5-433021d95725,2026-04-22 04:48:28.236025,"{0: 595, 1: 305, 2: 867, 3: 312, 4: 132, 5: 54}",2,BUY,FISH,9,RECIEVED,,,
219,fd754e2f-52a3-4154-a4a7-4973b33eab79,2026-04-22 04:48:30.211814,"{0: 595, 1: 305, 2: 868, 3: 312, 4: 132, 5: 54}",2,RESTOCK,SALT,20,RECIEVED,,,
220,255a1d51-72e0-4d61-8805-31858b133b91,2026-04-22 04:48:31.066104,"{0: 595, 1: 306, 2: 868, 3: 312, 4: 132, 5: 54}",1,RESTOCK,FISH,20,RECIEVED,,,
221,63bb65db-01d9-46de-8c73-bb37d3e24ca6,2026-04-22 04:48:31.311584,"{0: 596, 1: 306, 2: 868, 3: 312, 4: 132, 5: 54}",0,BUY,SALT,4,RECIEVED,,,
222,dd9effbc-3efe-4740-b302-934009a96518,2026-04-22 04:48:32.350539,"{0: 596, 1: 306, 2: 869, 3: 312, 4: 132, 5: 54}",2,BUY,BOAR,8,RECIEVED,,,
223,8075e6de-650a-4a82-90d1-f13ed0a37878,2026-04-22 04:48:35.401975,"{0: 596, 1: 306, 2: 870, 3: 312, 4: 132, 5: 54}",2,BUY,BOAR,6,RECIEVED,,,
224,a65616e3-d8e3-48f5-a8db-2cc878282d59,2026-04-22 04:48:35.886511,"{0: 596, 1: 306, 2: 870, 3: 313, 4: 132, 5: 54}",3,RESTOCK,SALT,20,RECIEVED,,,
225,1c28d5b8-f839-49e1-9f99-81c70abda0c3,2026-04-22 04:48:39.357999,"{0: 597, 1: 306, 2: 870, 3: 313, 4: 132, 5: 54}",0,BUY,BOAR,2,RECIEVED,,,
226,c6120140-2645-4838-97b7-ca8dd398ab66,2026-04-22 04:48:40.240505,"{0: 597, 1: 306, 2: 871, 3: 313, 4: 132, 5: 54}",2,RESTOCK,FISH,20,RECIEVED,,,
227,d96b0c38-4c01-4359-af56-4548282285b4,2026-04-22 04:48:41.123292,"{0: 597, 1: 307, 2: 871, 3: 313, 4: 132, 5: 54}",1,RESTOCK,FISH,20,RECIEVED,,,
228,a0cffb8a-6b06-4e74-bd6c-face0312ad56,2026-04-22 04:48:42.374375,"{0: 598, 1: 307, 2: 871, 3: 313, 4: 132, 5: 54}",0,BUY,SALT,4,RECIEVED,,,
229,8a4f8425-78ea-4e6e-bb99-909ebb780626,2026-04-22 04:48:42.493103,"{0: 598, 1: 307, 2: 872, 3: 313, 4: 132, 5: 54}",2,BUY,BOAR,5,RECIEVED,,,
230,cdb750d9-1be2-4321-bd5d-60109292d657,2026-04-22 04:48:44.613230,"{0: 598, 1: 307, 2: 873, 3: 313, 4: 132, 5: 54}",2,BUY,BOAR,9,RECIEVED,,,
231,6509c453-fe7d-4700-948b-91aa698c4a4f,2026-04-22 04:48:45.488059,"{0: 599, 1: 307, 2: 873, 3: 313, 4: 132, 5: 54}",0,BUY,FISH,8,RECIEVED,,,
232,b98c1e9b-a351-498a-890d-c71bb3442935,2026-04-22 04:48:45.978156,"{0: 599, 1: 307, 2: 873, 3: 314, 4: 132, 5: 54}",3,RESTOCK,BOAR,20,RECIEVED,,,
233,0bb75e1f-a2ea-481c-b4ca-8172005e5162,2026-04-22 04:48:48.608431,"{0: 600, 1: 307, 2: 873, 3: 314, 4: 132, 5: 54}",0,BUY,SALT,8,RECIEVED,,,
234,98561425-8424-45e9-8db4-41497cb66467,2026-04-22 04:48:50.326504,"{0: 600, 1: 307, 2: 874, 3: 314, 4: 132, 5: 54}",2,RESTOCK,SALT,20,RECIEVED,,,
235,a5fe5048-a8e8-4c11-bdb2-975755c7b543,2026-04-22 04:48:50.728182,"{0: 600, 1: 307, 2: 875, 3: 314, 4: 132, 5: 54}",2,BUY,BOAR,2,RECIEVED,,,
236,19c5d04b-1cbb-4cff-8f56-d2d3b06b2de9,2026-04-22 04:48:51.217999,"{0: 600, 1: 308, 2: 875, 3: 314, 4: 132, 5: 54}",1,RESTOCK,SALT,20,RECIEVED,,,
237,8c56ad2d-5aa3-4c6a-8008-e68b679ca421,2026-04-22 04:48:52.777378,"{0: 600, 1: 308, 2: 876, 3: 314, 4: 132, 5: 54}",2,BUY,FISH,4,RECIEVED,,,
238,601a55cb-ae3a-4460-a9f6-ed25acf23e9e,2026-04-22 04:48:55.640148,"{0: 601, 1: 308, 2: 876, 3: 314, 4: 132, 5: 54}",0,BUY,FISH,8,RECIEVED,,,
239,7f6721af-0f3f-461a-97a0-21eb887ac7ef,2026-04-22 04:48:56.018031,"{0: 601, 1: 308, 2: 876, 3: 315, 4: 132, 5: 54}",3,RESTOCK,BOAR,20,RECIEVED,,,
240,3a0e6871-7567-4cdc-a7a2-8910a9caffca,2026-04-22 04:48:59.902665,"{0: 601, 1: 308, 2: 877, 3: 315, 4: 132, 5: 54}",2,BUY,BOAR,9,RECIEVED,,,
241,a3614595-d555-4a4d-ad03-3322107427e6,2026-04-22 04:49:00.459943,"{0: 601, 1: 308, 2: 878, 3: 315, 4: 132, 5: 54}",2,RESTOCK,BOAR,20,RECIEVED,,,
242,5afab5c2-e8ae-47ad-9091-1344a75e0864,2026-04-22 04:49:01.316386,"{0: 601, 1: 309, 2: 878, 3: 315, 4: 132, 5: 54}",1,RESTOCK,SALT,20,RECIEVED,,,
243,95d8d63b-fa94-4628-987f-a34f6a1e1fd7,2026-04-22 04:49:01.691890,"{0: 602, 1: 309, 2: 878, 3: 315, 4: 132, 5: 54}",0,BUY,SALT,3,RECIEVED,,,
244,ad112a23-020e-461c-bba1-64e9c0a7ccb1,2026-04-22 04:49:03.052352,"{0: 602, 1: 309, 2: 879, 3: 315, 4: 132, 5: 54}",2,BUY,FISH,8,RECIEVED,,,
245,53927e76-f68e-47bc-ae0e-5de62aa1d7e9,2026-04-22 04:49:06.027166,"{0: 602, 1: 309, 2: 879, 3: 316, 4: 132, 5: 54}",3,RESTOCK,BOAR,20,RECIEVED,,,
246,55e77d23-9b86-441e-b070-a2f72e5a4326,2026-04-22 04:49:07.767237,"{0: 603, 1: 309, 2: 879, 3: 316, 4: 132, 5: 54}",0,BUY,BOAR,6,RECIEVED,,,
247,81b4770c-3353-4032-bd57-f4294996d8f2,2026-04-22 04:49:16.149347,"{0: 605, 1: 310, 2: 881, 3: 317, 4: 132, 5: 54}",3,RESTOCK,BOAR,20,RECIEVED,1776847756.149347,,
248,1279393b-92d6-49d9-b395-2b54792ad65b,2026-04-22 04:49:26.372611,"{0: 607, 1: 311, 2: 885, 3: 318, 4: 132, 5: 54}",3,RESTOCK,FISH,20,RECIEVED,1776847766.3726115,,
249,53129762-1b96-47cd-b55a-e267c0fc6202,2026-04-22 04:49:36.547896,"{0: 608, 1: 312, 2: 888, 3: 319, 4: 132, 5: 54}",3,RESTOCK,BOAR,20,RECIEVED,1776847776.5478964,,
250,68ae6a95-45c4-4460-a154-140f95a923d8,2026-04-22 04:50:19.031620,"{0: 603, 1: 310, 2: 880, 3: 316, 4: 132, 5: 54}",1,RESTOCK,SALT,20,RECIEVED,,,
251,97018411-25c2-4174-847c-2b957445d243,2026-04-22 04:50:19.033674,"{0: 606, 1: 311, 2: 883, 3: 317, 4: 132, 5: 54}",1,RESTOCK,BOAR,20,RECIEVED,,,
252,ff6c4d94-2a5a-4092-9253-4fbcedf3a55a,2026-04-22 04:50:19.035921,"{0: 608, 1: 312, 2: 887, 3: 318, 4: 132, 5: 54}",1,RESTOCK,SALT,20,RECIEVED,,,
253,ac8851cf-8a4d-46ac-b8a4-a43066f8eee6,2026-04-22 04:50:19.037083,"{0: 610, 1: 313, 2: 889, 3: 319, 4: 132, 5: 54}",1,RESTOCK,FISH,20,RECIEVED,,,
254,fac45c19-3c91-443d-a0d1-2b949f66d2f9,2026-04-22 04:50:19.040426,"{0: 611, 1: 314, 2: 891, 3: 319, 4: 132, 5: 54}",1,RESTOCK,FISH,20,RECIEVED,,,
255,8724812b-0409-4d20-891e-e1489d1cf11d,2026-04-22 04:50:19.042537,"{0: 612, 1: 314, 2: 891, 3: 319, 4: 132, 5: 54}",0,BUY,SALT,9,RECIEVED,,,
256,dbfdaea1-b7b7-4384-a3e2-9376582d5227,2026-04-22 04:50:19.045171,"{0: 604, 1: 310, 2: 881, 3: 316, 4: 132, 5: 54}",0,BUY,SALT,8,RECIEVED,,,
257,64086a89-2420-4cc8-a935-e70934af2ee1,2026-04-22 04:50:19.048032,"{0: 605, 1: 310, 2: 881, 3: 316, 4: 132, 5: 54}",0,BUY,FISH,3,RECIEVED,,,
258,4424b662-696c-4edb-ab98-0c5cf292bfd4,2026-04-22 04:50:19.050136,"{0: 606, 1: 310, 2: 883, 3: 317, 4: 132, 5: 54}",0,BUY,BOAR,7,RECIEVED,,,
259,a278682f-3c8d-4a81-91b7-06ff349fbb83,2026-04-22 04:50:19.057329,"{0: 607, 1: 311, 2: 883, 3: 317, 4: 132, 5: 54}",0,BUY,BOAR,7,RECIEVED,,,
260,a39f60b0-2a51-479f-b723-af2cfd50bd18,2026-04-22 04:50:19.059795,"{0: 608, 1: 311, 2: 886, 3: 318, 4: 132, 5: 54}",0,BUY,BOAR,5,RECIEVED,,,
261,3fb62c50-ab73-4474-9bc5-53db43caef57,2026-04-22 04:50:19.060821,"{0: 609, 1: 312, 2: 888, 3: 319, 4: 132, 5: 54}",0,BUY,BOAR,8,RECIEVED,,,
262,ca41d09a-13f9-4a6e-859c-a388892dab9d,2026-04-22 04:50:19.062849,"{0: 610, 1: 312, 2: 889, 3: 319, 4: 132, 5: 54}",0,BUY,SALT,1,RECIEVED,,,
263,eea00a21-8f97-458e-9f60-d961202b3113,2026-04-22 04:50:19.064901,"{0: 611, 1: 313, 2: 889, 3: 319, 4: 132, 5: 54}",0,BUY,SALT,3,RECIEVED,,,
264,f87214a6-5a9b-455f-9ffa-66bb98d156bd,2026-04-22 04:50:19.066115,"{0: 612, 1: 314, 2: 892, 3: 319, 4: 132, 5: 54}",2,BUY,FISH,8,RECIEVED,,,
265,fa14eeff-2e48-49ec-92f8-12f5a28bd03b,2026-04-22 04:50:19.068174,"{0: 603, 1: 309, 2: 880, 3: 316, 4: 132, 5: 54}",2,RESTOCK,FISH,20,RECIEVED,,,
266,0f5369db-12be-4fb7-af2f-f3c9735b6b7a,2026-04-22 04:50:19.069200,"{0: 603, 1: 310, 2: 881, 3: 316, 4: 132, 5: 54}",2,BUY,BOAR,9,RECIEVED,,,
267,61b5f96c-8bdc-45d3-8933-0f6dcf298307,2026-04-22 04:50:19.071257,"{0: 605, 1: 310, 2: 882, 3: 317, 4: 132, 5: 54}",2,BUY,FISH,1,RECIEVED,,,
268,b008df7e-6c5b-4e60-8ea9-a3789b7b4292,2026-04-22 04:50:19.073307,"{0: 605, 1: 310, 2: 883, 3: 317, 4: 132, 5: 54}",2,RESTOCK,FISH,20,RECIEVED,,,
269,fb6d082d-6655-4534-aa84-57fb069ecf6f,2026-04-22 04:50:19.074617,"{0: 607, 1: 311, 2: 884, 3: 317, 4: 132, 5: 54}",2,BUY,BOAR,7,RECIEVED,,,
270,3758b816-a40e-4db5-9a6d-6df445ff7ea2,2026-04-22 04:50:19.076811,"{0: 607, 1: 311, 2: 885, 3: 317, 4: 132, 5: 54}",2,BUY,BOAR,5,RECIEVED,,,
271,303b3656-30ba-47b0-b03b-d136ceb5e6a7,2026-04-22 04:50:19.078810,"{0: 607, 1: 311, 2: 886, 3: 318, 4: 132, 5: 54}",2,BUY,BOAR,3,RECIEVED,,,
272,96f83c95-b246-4cb6-a686-2b6588659d2f,2026-04-22 04:50:19.080376,"{0: 608, 1: 311, 2: 887, 3: 318, 4: 132, 5: 54}",2,RESTOCK,SALT,20,RECIEVED,,,
273,5a26298c-e330-47b7-8f21-4aa2a889d914,2026-04-22 04:50:19.081410,"{0: 608, 1: 312, 2: 888, 3: 318, 4: 132, 5: 54}",2,BUY,BOAR,8,RECIEVED,,,
274,2c7981ae-9883-4f34-bf53-167d0fcb7e4b,2026-04-22 04:50:19.083858,"{0: 609, 1: 312, 2: 889, 3: 319, 4: 132, 5: 54}",2,BUY,SALT,4,RECIEVED,,,
275,0d6391f6-4039-41d4-aa15-d605b8dbb229,2026-04-22 04:50:19.085907,"{0: 610, 1: 313, 2: 890, 3: 319, 4: 132, 5: 54}",2,RESTOCK,SALT,20,RECIEVED,,,
276,0ca4730e-2390-4c00-bf07-d179e4a0cf67,2026-04-22 04:50:19.086925,"{0: 610, 1: 313, 2: 891, 3: 319, 4: 132, 5: 54}",2,BUY,SALT,5,RECIEVED,,,
277,2ff11e5b-2746-42f7-bc62-13f06d4c3db7,2026-04-22 04:50:19.088965,"{0: 612, 1: 314, 2: 892, 3: 320, 4: 132, 5: 54}",3,RESTOCK,FISH,20,RECIEVED,,,
278,b11561fd-ed22-4ccb-af0a-4061881019df,2026-04-22 04:50:21.693993,"{0: 612, 1: 314, 2: 892, 3: 321, 4: 132, 5: 54}",3,RESTOCK,FISH,20,RECIEVED,,,
279,14899f29-358a-412e-9226-708931f18305,2026-04-22 04:50:31.798660,"{0: 612, 1: 314, 2: 892, 3: 322, 4: 132, 5: 54}",3,RESTOCK,SALT,20,RECIEVED,,,
280,dc3d6890-1e3f-4473-86cf-171260c13072,2026-04-22 04:50:41.853653,"{0: 612, 1: 314, 2: 892, 3: 323, 4: 132, 5: 54}",3,RESTOCK,SALT,20,RECIEVED,,,
281,73f837cb-2f10-4a4a-9a2c-a6a490db7f22,2026-04-22 04:50:51.896606,"{0: 612, 1: 314, 2: 892, 3: 324, 4: 132, 5: 54}",3,RESTOCK,SALT,20,RECIEVED,,,
282,25e434a8-8e9b-4640-8fdb-68cc4771e12e,2026-04-22 04:51:01.976165,"{0: 612, 1: 314, 2: 892, 3: 325, 4: 132, 5: 54}",3,RESTOCK,FISH,20,RECIEVED,,,
283,744fbc4c-1a6f-42b0-91a8-a853317e6a27,2026-04-22 04:51:21.616510,"{0: 613, 1: 314, 2: 892, 3: 325, 4: 132, 5: 54}",0,BUY,SALT,5,RECIEVED,,,
284,b242d110-6c77-465e-8528-8802b62d0450,2026-04-22 04:51:21.618932,"{0: 613, 1: 315, 2: 892, 3: 325, 4: 132, 5: 54}",1,RESTOCK,FISH,20,RECIEVED,,,
285,10696de3-72d0-49ca-a663-4836ceb1a1d5,2026-04-22 04:51:21.621220,"{0: 613, 1: 315, 2: 893, 3: 325, 4: 132, 5: 54}",2,RESTOCK,FISH,20,RECIEVED,,,
286,6137d508-a4da-4c39-ac15-613845df6291,2026-04-22 04:51:21.623236,"{0: 613, 1: 315, 2: 894, 3: 325, 4: 132, 5: 54}",2,BUY,SALT,6,RECIEVED,,,
287,55e5d348-a40a-4096-9e69-a4a0eb0dcab2,2026-04-22 04:51:21.625235,"{0: 614, 1: 315, 2: 894, 3: 325, 4: 132, 5: 54}",0,BUY,FISH,4,RECIEVED,,,
288,201cdfaa-c322-4a89-8098-fcfa71802cad,2026-04-22 04:51:21.627230,"{0: 614, 1: 315, 2: 894, 3: 326, 4: 132, 5: 54}",3,RESTOCK,FISH,20,RECIEVED,,,
289,4cccd40a-ecb8-4170-a219-af86f3fcee59,2026-04-22 04:51:21.629224,"{0: 614, 1: 315, 2: 895, 3: 326, 4: 132, 5: 54}",2,BUY,SALT,9,RECIEVED,,,
290,f2097175-1ac3-480e-b381-09680fc1a9c3,2026-04-22 04:51:21.630221,"{0: 615, 1: 315, 2: 895, 3: 326, 4: 132, 5: 54}",0,BUY,BOAR,7,RECIEVED,,,
291,e08756c8-66c9-4503-a208-a90024a3441c,2026-04-22 04:51:21.632216,"{0: 615, 1: 316, 2: 895, 3: 326, 4: 132, 5: 54}",1,RESTOCK,SALT,20,RECIEVED,,,
292,99c62d4c-5478-469a-ad64-b38e69410d7f,2026-04-22 04:51:21.634211,"{0: 615, 1: 316, 2: 896, 3: 326, 4: 132, 5: 54}",2,RESTOCK,SALT,20,RECIEVED,,,
293,f85fea74-a395-417d-8c26-43ae330321d1,2026-04-22 04:51:21.636205,"{0: 615, 1: 316, 2: 897, 3: 326, 4: 132, 5: 54}",2,BUY,BOAR,6,RECIEVED,,,
294,cbe0bdd0-bafa-47c4-8a6d-e4a434ad75c4,2026-04-22 04:51:21.637203,"{0: 616, 1: 316, 2: 897, 3: 326, 4: 132, 5: 54}",0,BUY,FISH,4,RECIEVED,,,
295,b98a541c-2a0d-4357-b838-3d0b6ac1dd5e,2026-04-22 04:51:22.034117,"{0: 616, 1: 316, 2: 898, 3: 326, 4: 132, 5: 54}",2,BUY,SALT,1,RECIEVED,,,
296,3512af14-d3b4-4d62-8569-17a7a49d167a,2026-04-22 04:51:22.151926,"{0: 616, 1: 316, 2: 898, 3: 327, 4: 132, 5: 54}",3,RESTOCK,SALT,20,RECIEVED,,,
297,f1d53fc0-595a-4a70-a896-bcce5c239fe9,2026-04-22 04:51:22.154083,"{0: 617, 1: 316, 2: 898, 3: 326, 4: 132, 5: 54}",0,BUY,BOAR,2,RECIEVED,,,
298,ac4d687d-e29d-428b-835e-ee0afee7e473,2026-04-22 04:51:26.262226,"{0: 618, 1: 316, 2: 898, 3: 327, 4: 132, 5: 54}",0,BUY,SALT,7,RECIEVED,,,
299,5136c617-a2a6-42dc-9b80-a1bd65415bd8,2026-04-22 04:51:27.256908,"{0: 618, 1: 317, 2: 898, 3: 327, 4: 132, 5: 54}",1,RESTOCK,SALT,20,RECIEVED,,,
300,bbe2a46d-fab0-46fa-98f4-8d33315b6344,2026-04-22 04:51:27.777552,"{0: 618, 1: 317, 2: 899, 3: 327, 4: 132, 5: 54}",2,RESTOCK,SALT,20,RECIEVED,,,
301,80b9be10-9f64-4c04-aec6-c2f92bf8dd86,2026-04-22 04:51:28.272128,"{0: 619, 1: 317, 2: 899, 3: 327, 4: 132, 5: 54}",0,BUY,BOAR,6,RECIEVED,,,
302,ceccc3fd-81e8-41c9-9c22-9e5702d82e01,2026-04-22 04:51:29.277955,"{0: 620, 1: 317, 2: 899, 3: 327, 4: 132, 5: 54}",0,BUY,BOAR,9,RECIEVED,,,
303,bf6d98a8-a2b0-4122-856a-db8d46b1cb17,2026-04-22 04:51:31.165744,"{0: 620, 1: 317, 2: 900, 3: 327, 4: 132, 5: 54}",2,BUY,FISH,7,RECIEVED,,,
304,a9d5222d-50b6-446a-aac6-756093dd7fa7,2026-04-22 04:51:32.281693,"{0: 620, 1: 317, 2: 900, 3: 328, 4: 132, 5: 54}",3,RESTOCK,FISH,20,RECIEVED,,,
305,1d2a9b29-9751-4c73-ab99-c8ba0eb0c74f,2026-04-22 04:51:33.395026,"{0: 621, 1: 317, 2: 900, 3: 328, 4: 132, 5: 54}",0,BUY,BOAR,1,RECIEVED,,,
306,8797e553-d2b6-4ff8-8241-ab1e5f7bd6a4,2026-04-22 04:51:35.258343,"{0: 621, 1: 317, 2: 901, 3: 328, 4: 132, 5: 54}",2,BUY,SALT,1,RECIEVED,,,
307,be2687d3-3b2b-408c-be2b-6ab5681b6052,2026-04-22 04:51:36.316450,"{0: 621, 1: 317, 2: 902, 3: 328, 4: 132, 5: 54}",2,BUY,SALT,6,RECIEVED,,,
308,f21cda66-e56a-4101-94f4-fefd3a71c91b,2026-04-22 04:51:37.297368,"{0: 621, 1: 318, 2: 902, 3: 328, 4: 132, 5: 54}",1,RESTOCK,SALT,20,RECIEVED,,,
309,193dd850-c757-4cbf-9a1a-4b48d39d2396,2026-04-22 04:51:37.816876,"{0: 621, 1: 318, 2: 903, 3: 328, 4: 132, 5: 54}",2,RESTOCK,FISH,20,RECIEVED,,,
310,aa2c58c6-e918-4d9c-85d1-5cfa50de32ee,2026-04-22 04:51:40.328220,"{0: 621, 1: 318, 2: 904, 3: 328, 4: 132, 5: 54}",2,BUY,SALT,4,RECIEVED,,,
311,6c095378-2f1a-4bb6-9ea8-29edb2498c91,2026-04-22 04:51:42.306857,"{0: 621, 1: 318, 2: 904, 3: 329, 4: 132, 5: 54}",3,RESTOCK,SALT,20,RECIEVED,,,
312,22d785a8-1320-446f-9a52-97ef2027b3c2,2026-04-22 04:51:42.430719,"{0: 622, 1: 318, 2: 904, 3: 329, 4: 132, 5: 54}",0,BUY,BOAR,4,RECIEVED,,,
313,b8e7faef-fa42-4f39-ae5f-e9065c4c4072,2026-04-22 04:51:44.457918,"{0: 622, 1: 318, 2: 905, 3: 329, 4: 132, 5: 54}",2,BUY,SALT,7,RECIEVED,,,
314,a4be23d0-cc44-437c-ae6d-41f4eeb4d950,2026-04-22 04:51:47.301752,"{0: 622, 1: 319, 2: 905, 3: 329, 4: 132, 5: 54}",1,RESTOCK,BOAR,20,RECIEVED,,,
315,3c0f30d5-f7aa-44d9-840c-6f41cdf00cbc,2026-04-22 04:51:47.945397,"{0: 622, 1: 319, 2: 906, 3: 329, 4: 132, 5: 54}",2,RESTOCK,FISH,20,RECIEVED,,,
316,2d0db9d7-d749-44f1-a3ec-309f42ecd97e,2026-04-22 04:51:48.557724,"{0: 623, 1: 319, 2: 906, 3: 329, 4: 132, 5: 54}",0,BUY,BOAR,5,RECIEVED,,,
317,385c213f-e7a8-4d08-9cef-b9c2bb60af65,2026-04-22 04:51:52.414215,"{0: 623, 1: 319, 2: 906, 3: 330, 4: 132, 5: 54}",3,RESTOCK,BOAR,20,RECIEVED,,,
318,3aba3b1a-6f05-4e70-8469-238ce0110a4f,2026-04-22 04:51:52.514731,"{0: 623, 1: 319, 2: 907, 3: 330, 4: 132, 5: 54}",2,BUY,SALT,7,RECIEVED,,,
319,deab617e-dec5-4a7e-8867-e53ccab8e9f5,2026-04-22 04:51:56.633750,"{0: 624, 1: 319, 2: 907, 3: 330, 4: 132, 5: 54}",0,BUY,FISH,8,RECIEVED,,,
320,ea0a4e29-9da5-40a3-833d-e08048302537,2026-04-22 04:51:57.388335,"{0: 624, 1: 320, 2: 907, 3: 330, 4: 132, 5: 54}",1,RESTOCK,SALT,20,RECIEVED,,,
321,06d73add-67b0-4a64-bbe0-f5389e541d3a,2026-04-22 04:51:58.034997,"{0: 624, 1: 320, 2: 908, 3: 330, 4: 132, 5: 54}",2,RESTOCK,FISH,20,RECIEVED,,,
322,99ed717f-8b7f-474b-82b6-d3b6983a67b9,2026-04-22 04:51:58.595683,"{0: 624, 1: 320, 2: 909, 3: 330, 4: 132, 5: 54}",2,BUY,BOAR,6,RECIEVED,,,
323,83e261dc-50fd-47e3-905a-fc4d85f14b44,2026-04-22 04:52:00.702255,"{0: 625, 1: 320, 2: 909, 3: 330, 4: 132, 5: 54}",0,BUY,BOAR,4,RECIEVED,,,
324,bd1d3296-7c2a-4410-83ae-fae90993ed42,2026-04-22 04:52:00.800962,"{0: 625, 1: 320, 2: 910, 3: 330, 4: 132, 5: 54}",2,BUY,FISH,7,RECIEVED,,,
325,b9e3dcb5-cd6c-4d47-88a7-e4b52d5b6a5c,2026-04-22 04:52:02.544962,"{0: 625, 1: 320, 2: 910, 3: 331, 4: 132, 5: 54}",3,RESTOCK,FISH,20,RECIEVED,,,
326,ef709b9a-ea36-4577-b17a-652d11a8f88f,2026-04-22 04:52:12.648152,"{0: 626, 1: 321, 2: 912, 3: 332, 4: 132, 5: 54}",3,RESTOCK,BOAR,20,RECIEVED,1776847932.6481526,,
327,97809934-9e4c-444c-8ad6-ba5aefa03b34,2026-04-22 04:52:22.701730,"{0: 628, 1: 322, 2: 915, 3: 333, 4: 132, 5: 54}",3,RESTOCK,FISH,20,RECIEVED,1776847942.7017307,,
328,712948d8-f84f-48e7-b6ac-8dfc7d0f2a29,2026-04-22 04:52:32.822094,"{0: 630, 1: 323, 2: 918, 3: 334, 4: 132, 5: 54}",3,RESTOCK,SALT,20,RECIEVED,1776847952.822094,,
329,564b01ee-c0dc-415e-83b4-e45e44010209,2026-04-22 04:53:12.688606,"{0: 625, 1: 321, 2: 910, 3: 331, 4: 132, 5: 54}",1,RESTOCK,FISH,20,RECIEVED,,,
330,3169d77c-8b0c-4f90-8ac1-1cbac4a358a0,2026-04-22 04:53:12.691006,"{0: 627, 1: 322, 2: 913, 3: 332, 4: 132, 5: 54}",1,RESTOCK,FISH,20,RECIEVED,,,
331,2fb89780-6464-4025-b8c4-5cb5f9d4bdf2,2026-04-22 04:53:12.694034,"{0: 629, 1: 323, 2: 917, 3: 333, 4: 132, 5: 54}",1,RESTOCK,FISH,20,RECIEVED,,,
332,9abf8cf9-38ed-42a7-971e-78687e720a54,2026-04-22 04:53:12.696100,"{0: 630, 1: 324, 2: 919, 3: 334, 4: 132, 5: 54}",1,RESTOCK,SALT,20,RECIEVED,,,
333,36739d37-e09c-4662-b176-da8fc4558501,2026-04-22 04:53:12.698578,"{0: 626, 1: 321, 2: 911, 3: 331, 4: 132, 5: 54}",0,BUY,SALT,9,RECIEVED,,,
334,c0fad9f3-9c10-4930-850e-5033a289e7a3,2026-04-22 04:53:12.701089,"{0: 627, 1: 321, 2: 912, 3: 332, 4: 132, 5: 54}",0,BUY,SALT,1,RECIEVED,,,
335,1102a86e-90f5-4574-b187-8d6d5a0f2936,2026-04-22 04:53:12.706520,"{0: 628, 1: 322, 2: 915, 3: 332, 4: 132, 5: 54}",0,BUY,BOAR,7,RECIEVED,,,
336,d0ba3fed-a0d8-415d-a250-89defb411922,2026-04-22 04:53:12.708880,"{0: 629, 1: 322, 2: 916, 3: 333, 4: 132, 5: 54}",0,BUY,FISH,8,RECIEVED,,,
337,c1f7365b-62eb-4d76-bffd-8959a8d13db3,2026-04-22 04:53:12.713037,"{0: 630, 1: 323, 2: 918, 3: 333, 4: 132, 5: 54}",0,BUY,SALT,1,RECIEVED,,,
338,8793336c-fd10-4428-8954-563e3280b6ff,2026-04-22 04:53:12.715111,"{0: 631, 1: 324, 2: 919, 3: 334, 4: 132, 5: 54}",0,BUY,SALT,7,RECIEVED,,,
339,84054dd5-724d-4b42-9fb2-d64a1c92dabe,2026-04-22 04:53:12.717069,"{0: 631, 1: 324, 2: 922, 3: 334, 4: 132, 5: 54}",2,BUY,BOAR,5,RECIEVED,,,
340,a697862c-36b3-4eb2-a839-d34e85ddc662,2026-04-22 04:53:12.718068,"{0: 625, 1: 321, 2: 911, 3: 331, 4: 132, 5: 54}",2,RESTOCK,FISH,20,RECIEVED,,,
341,23fb8562-32e7-432a-9a88-b0df018bc0db,2026-04-22 04:53:12.720303,"{0: 626, 1: 321, 2: 912, 3: 331, 4: 132, 5: 54}",2,BUY,SALT,1,RECIEVED,,,
342,07423f2d-3fae-4662-abea-ed821dfa6b76,2026-04-22 04:53:12.722337,"{0: 627, 1: 321, 2: 913, 3: 332, 4: 132, 5: 54}",2,BUY,SALT,7,RECIEVED,,,
343,b46774ca-ec3f-4c0a-87b3-5ca3f9d24e85,2026-04-22 04:53:12.723363,"{0: 627, 1: 322, 2: 914, 3: 332, 4: 132, 5: 54}",2,RESTOCK,SALT,20,RECIEVED,,,
344,6be9f3f2-cab6-45f1-9c60-6e87385d8ee4,2026-04-22 04:53:12.725435,"{0: 627, 1: 322, 2: 915, 3: 332, 4: 132, 5: 54}",2,BUY,FISH,8,RECIEVED,,,
345,ecae549b-bd0c-4e56-ba2e-f66c0b7b03ef,2026-04-22 04:53:12.726914,"{0: 628, 1: 322, 2: 916, 3: 333, 4: 132, 5: 54}",2,BUY,SALT,6,RECIEVED,,,
346,4afca07d-9c56-428b-aaff-2b3a0f2ed9b8,2026-04-22 04:53:12.729059,"{0: 629, 1: 322, 2: 917, 3: 333, 4: 132, 5: 54}",2,BUY,BOAR,4,RECIEVED,,,
347,8624e98f-af3f-4318-9e7e-4e625acdb5dc,2026-04-22 04:53:12.731111,"{0: 629, 1: 323, 2: 918, 3: 333, 4: 132, 5: 54}",2,RESTOCK,SALT,20,RECIEVED,,,
348,48401a68-f3b7-43bf-a61a-b2485b51e598,2026-04-22 04:53:12.732138,"{0: 630, 1: 323, 2: 919, 3: 334, 4: 132, 5: 54}",2,BUY,BOAR,5,RECIEVED,,,
349,d0b31828-377f-45f0-b597-7b2732a900bc,2026-04-22 04:53:12.734471,"{0: 631, 1: 324, 2: 920, 3: 334, 4: 132, 5: 54}",2,RESTOCK,BOAR,20,RECIEVED,,,
350,0c20fd21-2d84-419a-8bb3-4ad16eb2985a,2026-04-22 04:53:12.735667,"{0: 631, 1: 324, 2: 921, 3: 334, 4: 132, 5: 54}",2,BUY,BOAR,6,RECIEVED,,,
351,6402ed3b-1644-4c16-abc4-09f95d3a0083,2026-04-22 04:53:12.737673,"{0: 631, 1: 324, 2: 922, 3: 335, 4: 132, 5: 54}",3,RESTOCK,BOAR,20,RECIEVED,,,
352,c871c199-7514-4b4e-a26c-0637166a11bb,2026-04-22 04:53:18.345529,"{0: 631, 1: 324, 2: 922, 3: 336, 4: 132, 5: 54}",3,RESTOCK,FISH,20,RECIEVED,,,
353,a489bd33-495d-4195-b46a-4383b4eebdff,2026-04-22 04:53:28.461217,"{0: 631, 1: 324, 2: 922, 3: 337, 4: 132, 5: 54}",3,RESTOCK,FISH,20,RECIEVED,,,
354,a7133030-f0d4-4ad5-bfea-f0afbe107901,2026-04-22 04:53:38.507297,"{0: 631, 1: 324, 2: 922, 3: 338, 4: 132, 5: 54}",3,RESTOCK,FISH,20,RECIEVED,,,
355,7b7291eb-b522-4201-bd33-5fe43559dfe0,2026-04-22 04:53:48.521452,"{0: 631, 1: 324, 2: 922, 3: 339, 4: 132, 5: 54}",3,RESTOCK,FISH,20,RECIEVED,,,
356,8c8191f2-6331-4a07-a932-ccd25b7fdf52,2026-04-22 04:54:22.624194,"{0: 632, 1: 324, 2: 922, 3: 340, 4: 132, 5: 54}",0,BUY,BOAR,9,RECIEVED,,,
357,cc2b30d5-c2c1-4b73-b39d-8491e58a72d8,2026-04-22 04:54:22.626291,"{0: 632, 1: 324, 2: 923, 3: 340, 4: 132, 5: 54}",2,RESTOCK,BOAR,20,RECIEVED,,,
358,cc7f7988-97ea-485b-9803-d38b6fb606f2,2026-04-22 04:54:22.628471,"{0: 632, 1: 324, 2: 924, 3: 340, 4: 132, 5: 54}",2,BUY,SALT,8,RECIEVED,,,
359,93e783f6-174c-487b-a015-0eeeb0cbc086,2026-04-22 04:54:22.629792,"{0: 632, 1: 324, 2: 924, 3: 341, 4: 132, 5: 54}",3,RESTOCK,BOAR,20,RECIEVED,,,
360,096d7f6b-e4f0-4cdb-a3c5-b5a28a072ec9,2026-04-22 04:54:22.631865,"{0: 632, 1: 325, 2: 924, 3: 341, 4: 132, 5: 54}",1,RESTOCK,FISH,20,RECIEVED,,,
361,14ab70e5-f2bb-410e-98f0-b1b141374c3c,2026-04-22 04:54:22.634118,"{0: 633, 1: 325, 2: 924, 3: 341, 4: 132, 5: 54}",0,BUY,BOAR,5,RECIEVED,,,
362,2ec72b2a-9fac-4feb-9adf-2b76cd9495e5,2026-04-22 04:54:22.635827,"{0: 633, 1: 325, 2: 925, 3: 341, 4: 132, 5: 54}",2,BUY,SALT,9,RECIEVED,,,
363,1e6d6b89-f68a-4d5e-a821-98c46b483596,2026-04-22 04:54:22.637826,"{0: 633, 1: 325, 2: 926, 3: 341, 4: 132, 5: 54}",2,RESTOCK,FISH,20,RECIEVED,,,
364,dff6ad48-8bf5-4b5c-8bba-44f940d678a4,2026-04-22 04:54:22.639926,"{0: 633, 1: 325, 2: 927, 3: 341, 4: 132, 5: 54}",2,BUY,BOAR,9,RECIEVED,,,
365,1cf57a37-0dc7-4ef9-8a69-25f4a403490d,2026-04-22 04:54:22.642001,"{0: 633, 1: 325, 2: 927, 3: 342, 4: 132, 5: 54}",3,RESTOCK,SALT,20,RECIEVED,,,
366,4036de01-e88a-4b34-81b0-2ef2e5bd5ee7,2026-04-22 04:54:22.644158,"{0: 633, 1: 326, 2: 927, 3: 342, 4: 132, 5: 54}",1,RESTOCK,SALT,20,RECIEVED,,,
367,2a283011-41ff-44c9-b01d-dd914fd554ec,2026-04-22 04:54:22.646326,"{0: 634, 1: 326, 2: 927, 3: 342, 4: 132, 5: 54}",0,BUY,BOAR,4,RECIEVED,,,
368,ea6a9ec6-3448-496f-ab48-fa33060a43ed,2026-04-22 04:54:23.441117,"{0: 634, 1: 326, 2: 928, 3: 342, 4: 132, 5: 54}",2,BUY,FISH,3,RECIEVED,,,
369,6342bc45-8d4e-4f62-b1ee-c22385b8cddd,2026-04-22 04:54:26.039697,"{0: 635, 1: 326, 2: 928, 3: 342, 4: 132, 5: 54}",0,BUY,BOAR,5,RECIEVED,,,
370,a627da99-03c1-4319-a3b7-f3eb80602393,2026-04-22 04:54:28.372372,"{0: 635, 1: 326, 2: 929, 3: 342, 4: 132, 5: 54}",2,RESTOCK,FISH,20,RECIEVED,,,
371,bfce06e7-301d-4f70-bea8-c773a7cc8951,2026-04-22 04:54:28.864899,"{0: 635, 1: 326, 2: 929, 3: 343, 4: 132, 5: 54}",3,RESTOCK,BOAR,20,RECIEVED,,,
372,1ee8a171-7d98-48b6-aa39-8a22f0681738,2026-04-22 04:54:28.866898,"{0: 631, 1: 324, 2: 922, 3: 340, 4: 132, 5: 54}",3,RESTOCK,SALT,20,RECIEVED,,,
373,ec478588-dd20-49cb-b785-20778238e88a,2026-04-22 04:54:28.983562,"{0: 635, 1: 327, 2: 929, 3: 343, 4: 132, 5: 54}",1,RESTOCK,BOAR,20,RECIEVED,,,
374,3b3c14d4-d939-4f78-8996-b13a0f50b9a6,2026-04-22 04:54:31.480260,"{0: 635, 1: 327, 2: 930, 3: 343, 4: 132, 5: 54}",2,BUY,BOAR,6,RECIEVED,,,
375,a3eb0667-db46-45df-b0d7-58ce3c2a55be,2026-04-22 04:54:34.099279,"{0: 636, 1: 327, 2: 930, 3: 343, 4: 132, 5: 54}",0,BUY,FISH,4,RECIEVED,,,
376,95b9acd7-469b-4796-9e18-2f11c87d2882,2026-04-22 04:54:38.194491,"{0: 637, 1: 327, 2: 930, 3: 343, 4: 132, 5: 54}",0,BUY,SALT,8,RECIEVED,,,
377,f1ab548d-a347-4334-b547-64b7183a7efb,2026-04-22 04:54:38.446975,"{0: 637, 1: 327, 2: 931, 3: 343, 4: 132, 5: 54}",2,RESTOCK,BOAR,20,RECIEVED,,,
378,c951221b-d55c-4c26-b7e7-7d22c98e4e14,2026-04-22 04:54:38.937417,"{0: 637, 1: 327, 2: 931, 3: 344, 4: 132, 5: 54}",3,RESTOCK,FISH,20,RECIEVED,,,
379,f4684743-6bc8-47ae-9577-04531874afe8,2026-04-22 04:54:39.064192,"{0: 637, 1: 328, 2: 931, 3: 344, 4: 132, 5: 54}",1,RESTOCK,SALT,20,RECIEVED,,,
380,3c806d44-f567-488f-8fb1-a2e3db8937af,2026-04-22 04:54:39.316936,"{0: 638, 1: 328, 2: 931, 3: 344, 4: 132, 5: 54}",0,BUY,BOAR,7,RECIEVED,,,
381,fe7af4e2-5304-4b95-b98e-bd7975b9159c,2026-04-22 04:54:40.548755,"{0: 638, 1: 328, 2: 932, 3: 344, 4: 132, 5: 54}",2,BUY,BOAR,2,RECIEVED,,,
382,934473c6-e2bd-45f2-86d8-7363fad5dbee,2026-04-22 04:54:43.707099,"{0: 638, 1: 328, 2: 933, 3: 344, 4: 132, 5: 54}",2,BUY,SALT,8,RECIEVED,,,
383,3def9cf7-b44d-44cc-8aea-94c5fa340028,2026-04-22 04:54:46.810590,"{0: 638, 1: 328, 2: 934, 3: 344, 4: 132, 5: 54}",2,BUY,SALT,1,RECIEVED,,,
384,0118b88a-91c7-4521-8953-0338f1109e2b,2026-04-22 04:54:47.401265,"{0: 639, 1: 328, 2: 934, 3: 344, 4: 132, 5: 54}",0,BUY,SALT,9,RECIEVED,,,
385,ed884515-1b90-4989-8a7a-ad9ed35a5474,2026-04-22 04:54:48.532198,"{0: 639, 1: 328, 2: 935, 3: 344, 4: 132, 5: 54}",2,RESTOCK,FISH,20,RECIEVED,,,
386,7d52d7f2-1756-4b54-8949-a052400666db,2026-04-22 04:54:48.996851,"{0: 639, 1: 328, 2: 935, 3: 345, 4: 132, 5: 54}",3,RESTOCK,BOAR,20,RECIEVED,,,
387,92c951b4-7d28-4ed5-98d7-ddf1ec982fcc,2026-04-22 04:54:49.122083,"{0: 639, 1: 329, 2: 935, 3: 345, 4: 132, 5: 54}",1,RESTOCK,SALT,20,RECIEVED,,,
388,ce0042db-2e5b-4f81-a384-797b177d2b95,2026-04-22 04:54:52.876152,"{0: 639, 1: 329, 2: 936, 3: 345, 4: 132, 5: 54}",2,BUY,BOAR,8,RECIEVED,,,
389,81447232-c907-4363-b7f7-ca0ba5540cf3,2026-04-22 04:54:53.491171,"{0: 640, 1: 329, 2: 936, 3: 345, 4: 132, 5: 54}",0,BUY,BOAR,3,RECIEVED,,,
390,2192c2a0-27e3-402d-922b-5b7294a515e8,2026-04-22 04:54:58.566008,"{0: 640, 1: 329, 2: 937, 3: 345, 4: 132, 5: 54}",2,RESTOCK,BOAR,20,RECIEVED,,,
391,f5068f17-041c-48b0-9ca8-92602edd387b,2026-04-22 04:54:59.063050,"{0: 640, 1: 329, 2: 937, 3: 346, 4: 132, 5: 54}",3,RESTOCK,SALT,20,RECIEVED,,,
392,d95219e1-202d-4457-a706-84cdbfed5ea7,2026-04-22 04:54:59.192122,"{0: 640, 1: 330, 2: 937, 3: 346, 4: 132, 5: 54}",1,RESTOCK,SALT,20,RECIEVED,,,
393,3c3539ff-97f4-48ea-9c66-02bf0ef8a14d,2026-04-22 04:55:01.005699,"{0: 640, 1: 330, 2: 938, 3: 346, 4: 132, 5: 54}",2,BUY,SALT,8,RECIEVED,,,
394,c21d9b7b-d664-4998-a1c4-71addbd30631,2026-04-22 04:55:01.497771,"{0: 641, 1: 330, 2: 938, 3: 346, 4: 132, 5: 54}",0,BUY,FISH,3,RECIEVED,,,
395,eeb967a3-57b5-4c7e-a195-9ada82946572,2026-04-22 04:55:05.508507,"{0: 642, 1: 330, 2: 938, 3: 346, 4: 132, 5: 54}",0,BUY,BOAR,5,RECIEVED,,,
396,f51b5560-ff95-4f3b-98b2-c6be8117185a,2026-04-22 04:55:08.030273,"{0: 642, 1: 330, 2: 939, 3: 346, 4: 132, 5: 54}",2,BUY,BOAR,4,RECIEVED,,,
397,cf7ac545-8707-4dde-833c-0ae53edb7c8c,2026-04-22 04:55:08.590879,"{0: 642, 1: 330, 2: 940, 3: 346, 4: 132, 5: 54}",2,RESTOCK,BOAR,20,RECIEVED,,,
398,15cef301-075f-40e6-b702-efd877cc1d00,2026-04-22 04:55:09.078444,"{0: 642, 1: 330, 2: 940, 3: 347, 4: 132, 5: 54}",3,RESTOCK,FISH,20,RECIEVED,,,
399,75f355c6-50f8-467b-aa36-3edd78e48fb5,2026-04-22 04:55:09.205601,"{0: 642, 1: 331, 2: 940, 3: 347, 4: 132, 5: 54}",1,RESTOCK,BOAR,20,RECIEVED,,,
400,36c63730-a071-42c8-88ca-e0c84bb3aa33,2026-04-22 04:55:09.579757,"{0: 643, 1: 331, 2: 940, 3: 347, 4: 132, 5: 54}",0,BUY,FISH,3,RECIEVED,,,
401,e746acc1-0986-4414-a6dc-7e210209d3fd,2026-04-22 04:55:12.055301,"{0: 643, 1: 331, 2: 941, 3: 347, 4: 132, 5: 54}",2,BUY,BOAR,8,RECIEVED,,,
402,198c8986-0f8d-4a56-a4e8-062148576bc9,2026-04-22 04:55:14.669649,"{0: 644, 1: 331, 2: 941, 3: 347, 4: 132, 5: 54}",0,BUY,BOAR,5,RECIEVED,,,
403,b5c3d595-bf4f-44e8-82ee-4bb7fafd8f05,2026-04-22 04:55:17.705367,"{0: 645, 1: 331, 2: 941, 3: 347, 4: 132, 5: 54}",0,BUY,FISH,1,RECIEVED,,,
404,fdeb9091-90cb-4049-8a7f-c799c8ab1387,2026-04-22 04:55:18.635520,"{0: 645, 1: 331, 2: 942, 3: 347, 4: 132, 5: 54}",2,RESTOCK,FISH,20,RECIEVED,,,
405,eca953b9-1509-4db2-a45d-87243d88710d,2026-04-22 04:55:19.130716,"{0: 645, 1: 331, 2: 942, 3: 348, 4: 132, 5: 54}",3,RESTOCK,FISH,20,RECIEVED,,,
406,1a2504ac-02db-4abd-86c9-57c430653d3c,2026-04-22 04:55:19.250000,"{0: 645, 1: 332, 2: 942, 3: 348, 4: 132, 5: 54}",1,RESTOCK,FISH,20,RECIEVED,,,
407,87c452ce-9a7c-4557-a17d-72bda9c390f5,2026-04-22 04:55:20.064757,"{0: 645, 1: 332, 2: 943, 3: 348, 4: 132, 5: 54}",2,BUY,BOAR,6,RECIEVED,,,
408,25bf4d4e-bb61-4150-b63a-5a277a9d4225,2026-04-22 04:55:24.779093,"{0: 646, 1: 332, 2: 943, 3: 348, 4: 132, 5: 54}",0,BUY,SALT,8,RECIEVED,,,
409,1c4dbc7c-057e-4679-9e73-994c0a75497a,2026-04-22 04:55:28.137487,"{0: 646, 1: 332, 2: 944, 3: 348, 4: 132, 5: 54}",2,BUY,BOAR,3,RECIEVED,,,
410,cd406026-2864-4a37-b198-211f74394fd3,2026-04-22 04:55:28.663905,"{0: 646, 1: 332, 2: 945, 3: 348, 4: 132, 5: 54}",2,RESTOCK,BOAR,20,RECIEVED,,,
411,9ecf2af8-247f-42a2-b674-ce81e24342b8,2026-04-22 04:56:06.077222,"{0: 651, 1: 335, 2: 953, 3: 351, 4: 132, 5: 54}",2,BUY,BOAR,2,RECIEVED,,,
412,9ef6ba83-7ba8-4280-adc2-21c4c73cf01d,2026-04-22 04:56:06.080742,"{0: 651, 1: 335, 2: 954, 3: 351, 4: 132, 5: 54}",2,BUY,FISH,3,RECIEVED,,,
413,5abc43f9-2ca4-4095-84d1-ff80e6cbec60,2026-04-22 04:56:06.086271,"{0: 652, 1: 335, 2: 954, 3: 351, 4: 132, 5: 54}",0,BUY,FISH,4,RECIEVED,,,
414,eadd6b50-0cd5-49a5-b045-98a806af83b7,2026-04-22 04:56:06.092811,"{0: 652, 1: 335, 2: 955, 3: 351, 4: 132, 5: 54}",2,BUY,SALT,1,RECIEVED,,,
415,33e5bbb6-83c2-492f-8923-ef75fe99f799,2026-04-22 04:56:06.094833,"{0: 652, 1: 335, 2: 956, 3: 351, 4: 132, 5: 54}",2,RESTOCK,SALT,20,RECIEVED,,,
416,d205b0ce-ba4f-4826-bc49-9ea93d6e9640,2026-04-22 04:55:29.144133,"{0: 647, 1: 332, 2: 945, 3: 349, 4: 132, 5: 54}",3,RESTOCK,FISH,20,RECIEVED,1776848129.144133,,
417,c703c79e-f108-4015-913e-e544f094e75f,2026-04-22 04:55:39.267104,"{0: 648, 1: 333, 2: 949, 3: 350, 4: 132, 5: 54}",3,RESTOCK,BOAR,20,RECIEVED,1776848139.2671046,,
418,ab4f2dc3-458b-4093-8251-6c0b3a184e73,2026-04-22 04:55:49.382700,"{0: 650, 1: 334, 2: 951, 3: 351, 4: 132, 5: 54}",3,RESTOCK,FISH,20,RECIEVED,1776848149.3827002,,
419,cc3598eb-f017-42d0-95dd-623e0295e44c,2026-04-22 04:57:34.785629,"{0: 654, 1: 336, 2: 958, 3: 351, 4: 132, 5: 54}",0,BUY,SALT,5,RECIEVED,,,
420,2dc03dec-ca2a-46cb-a51e-7880f6b5ec07,2026-04-22 04:57:34.788083,"{0: 653, 1: 336, 2: 959, 3: 351, 4: 132, 5: 54}",2,BUY,FISH,1,RECIEVED,,,
421,16740286-5cce-4741-b2bd-426ea89579de,2026-04-22 04:57:34.790179,"{0: 647, 1: 332, 2: 945, 3: 348, 4: 132, 5: 54}",0,BUY,FISH,4,RECIEVED,,,
422,744b41e5-0cc9-4e3b-b8dd-a018debdd9f4,2026-04-22 04:57:34.792581,"{0: 648, 1: 333, 2: 947, 3: 349, 4: 132, 5: 54}",0,BUY,BOAR,6,RECIEVED,,,
423,cd60efbe-de9e-4280-a02f-8fe67fd37d8b,2026-04-22 04:57:34.794648,"{0: 649, 1: 334, 2: 949, 3: 350, 4: 132, 5: 54}",0,BUY,FISH,6,RECIEVED,,,
424,188466d5-e9da-445c-a2f8-d3198885c450,2026-04-22 04:57:34.796681,"{0: 650, 1: 334, 2: 950, 3: 350, 4: 132, 5: 54}",0,BUY,FISH,1,RECIEVED,,,
425,4f9b2946-56aa-4f32-9530-e57cbac6a375,2026-04-22 04:57:34.798942,"{0: 651, 1: 335, 2: 951, 3: 351, 4: 132, 5: 54}",0,BUY,BOAR,7,RECIEVED,,,
426,a7a1758b-6110-4d4b-8ae0-dd3355c709ea,2026-04-22 04:57:34.805269,"{0: 653, 1: 335, 2: 956, 3: 351, 4: 132, 5: 54}",0,BUY,SALT,1,RECIEVED,,,
427,a4dc8b54-6e6e-4b9c-adab-ea1857db9757,2026-04-22 04:57:34.807881,"{0: 647, 1: 332, 2: 946, 3: 349, 4: 132, 5: 54}",2,BUY,SALT,1,RECIEVED,,,
428,ec828760-1019-4feb-9475-49fe1bd8b208,2026-04-22 04:57:34.809192,"{0: 647, 1: 333, 2: 947, 3: 349, 4: 132, 5: 54}",2,BUY,BOAR,8,RECIEVED,,,
429,64c07d9b-382e-440e-9e13-b35beac44807,2026-04-22 04:57:34.811487,"{0: 648, 1: 333, 2: 948, 3: 349, 4: 132, 5: 54}",2,BUY,BOAR,9,RECIEVED,,,
430,a4a85b6e-c7e5-444b-838e-1b120757af8d,2026-04-22 04:57:34.813857,"{0: 648, 1: 333, 2: 949, 3: 349, 4: 132, 5: 54}",2,RESTOCK,BOAR,20,RECIEVED,,,
431,f9e52c1d-9850-43a3-b91d-b443df3ebd36,2026-04-22 04:57:34.815856,"{0: 649, 1: 334, 2: 950, 3: 350, 4: 132, 5: 54}",2,BUY,FISH,1,RECIEVED,,,
432,56f25d0b-178d-4c72-b4b9-0741e0f82bbc,2026-04-22 04:57:34.818084,"{0: 650, 1: 334, 2: 951, 3: 350, 4: 132, 5: 54}",2,RESTOCK,SALT,20,RECIEVED,,,
433,850773dc-1e85-4a51-91bd-465f44789320,2026-04-22 04:57:34.820082,"{0: 651, 1: 335, 2: 952, 3: 351, 4: 132, 5: 54}",2,BUY,SALT,9,RECIEVED,,,
434,132cea7d-5021-46fb-b467-bd2af0678495,2026-04-22 04:57:34.821268,"{0: 652, 1: 335, 2: 957, 3: 351, 4: 132, 5: 54}",2,RESTOCK,BOAR,20,RECIEVED,,,
435,65aa4ef3-dd05-4a34-9766-e7141d0fa709,2026-04-22 04:57:34.823324,"{0: 652, 1: 335, 2: 958, 3: 351, 4: 132, 5: 54}",2,BUY,BOAR,3,RECIEVED,,,
436,dec00ad3-f2e7-4d0a-a8c6-c7fce725084c,2026-04-22 04:57:34.825369,"{0: 647, 1: 333, 2: 946, 3: 349, 4: 132, 5: 54}",1,RESTOCK,BOAR,20,RECIEVED,,,
437,8f6ecf51-f2a0-430d-b29d-6707db3944a4,2026-04-22 04:57:34.826401,"{0: 648, 1: 334, 2: 949, 3: 350, 4: 132, 5: 54}",1,RESTOCK,FISH,20,RECIEVED,,,
438,656ef52b-ac03-473e-9ebd-3a058cf1a83a,2026-04-22 04:57:34.828466,"{0: 650, 1: 335, 2: 951, 3: 351, 4: 132, 5: 54}",1,RESTOCK,FISH,20,RECIEVED,,,
439,8776b32d-fd9a-472a-b27a-532f599ea2f2,2026-04-22 04:57:34.829585,"{0: 653, 1: 336, 2: 958, 3: 351, 4: 132, 5: 54}",1,RESTOCK,FISH,20,RECIEVED,,,
440,d2cdc47f-eaf6-4d49-8e4f-ffe9d508b0b0,2026-04-22 04:57:34.831616,"{0: 654, 1: 336, 2: 959, 3: 352, 4: 132, 5: 54}",3,RESTOCK,BOAR,20,RECIEVED,,,
441,24a83d4c-83da-4ffd-8fe1-973a2d21b8fa,2026-04-22 04:57:34.955227,"{0: 654, 1: 336, 2: 959, 3: 353, 4: 132, 5: 54}",3,RESTOCK,SALT,20,RECIEVED,,,
442,19cd0ee1-0b86-4caf-ac94-3f9462ae00e6,2026-04-22 04:57:35.881055,"{0: 654, 1: 337, 2: 959, 3: 353, 4: 132, 5: 54}",1,RESTOCK,FISH,20,RECIEVED,,,
443,d6c96eab-3cc3-4271-815b-6de165584f13,2026-04-22 04:57:35.883103,"{0: 655, 1: 336, 2: 959, 3: 353, 4: 132, 5: 54}",0,BUY,SALT,4,RECIEVED,,,
444,ab34e5f8-1a92-427e-984d-9e46e159fe48,2026-04-22 04:57:36.007343,"{0: 655, 1: 337, 2: 960, 3: 353, 4: 132, 5: 54}",2,RESTOCK,BOAR,20,RECIEVED,,,
445,07f87f74-a2e5-4abf-a34b-47a8822d737e,2026-04-22 04:57:36.009337,"{0: 655, 1: 337, 2: 961, 3: 353, 4: 132, 5: 54}",2,BUY,SALT,1,RECIEVED,,,
446,e463cfdf-51df-4727-9ea2-b55081196914,2026-04-22 04:57:38.996497,"{0: 656, 1: 337, 2: 961, 3: 353, 4: 132, 5: 54}",0,BUY,BOAR,9,RECIEVED,,,
447,d08464ef-b0c8-4933-82b6-02f8c0519724,2026-04-22 04:57:41.105874,"{0: 656, 1: 337, 2: 962, 3: 353, 4: 132, 5: 54}",2,BUY,BOAR,8,RECIEVED,,,
448,beae33c3-f109-4960-9c5f-52d12c713326,2026-04-22 04:57:45.064126,"{0: 656, 1: 337, 2: 962, 3: 354, 4: 132, 5: 54}",3,RESTOCK,FISH,20,RECIEVED,,,
449,ede82920-0962-46ed-9118-0c32c5c3b54f,2026-04-22 04:57:45.189167,"{0: 656, 1: 337, 2: 963, 3: 354, 4: 132, 5: 54}",2,BUY,FISH,3,RECIEVED,,,
450,ba7dc138-efa4-4b6f-abb1-7f3f93a6f1a9,2026-04-22 04:57:45.936715,"{0: 656, 1: 338, 2: 963, 3: 354, 4: 132, 5: 54}",1,RESTOCK,SALT,20,RECIEVED,,,
451,868aaf22-0ae1-4128-9209-11620789f301,2026-04-22 04:57:46.090383,"{0: 657, 1: 338, 2: 963, 3: 354, 4: 132, 5: 54}",0,BUY,SALT,3,RECIEVED,,,
452,b259910c-309c-4fbc-8c82-402c2c4c4d2c,2026-04-22 04:57:46.092378,"{0: 656, 1: 338, 2: 964, 3: 354, 4: 132, 5: 54}",2,RESTOCK,FISH,20,RECIEVED,,,
453,17bc9373-ba9e-49fd-a901-307b88f58263,2026-04-22 04:57:50.344564,"{0: 657, 1: 338, 2: 965, 3: 354, 4: 132, 5: 54}",2,BUY,SALT,6,RECIEVED,,,
454,a237754b-f87a-43ff-bd0b-5a7063126932,2026-04-22 04:57:54.093862,"{0: 658, 1: 338, 2: 965, 3: 354, 4: 132, 5: 54}",0,BUY,SALT,5,RECIEVED,,,
455,7099139d-8ec8-49db-8358-c05775aceabb,2026-04-22 04:57:55.074070,"{0: 658, 1: 338, 2: 965, 3: 355, 4: 132, 5: 54}",3,RESTOCK,SALT,20,RECIEVED,,,
456,50fb40f9-0e93-47fd-8542-063671398167,2026-04-22 04:57:55.461253,"{0: 658, 1: 338, 2: 966, 3: 355, 4: 132, 5: 54}",2,BUY,SALT,2,RECIEVED,,,
457,20ed3bf3-609a-4c20-a48f-85870bab78f5,2026-04-22 04:57:55.957328,"{0: 658, 1: 339, 2: 966, 3: 355, 4: 132, 5: 54}",1,RESTOCK,SALT,20,RECIEVED,,,
458,149e17eb-4dae-47f4-b631-2a95b43aeac3,2026-04-22 04:57:56.204353,"{0: 658, 1: 339, 2: 967, 3: 355, 4: 132, 5: 54}",2,RESTOCK,SALT,20,RECIEVED,,,
459,10ec085c-e749-4432-9782-e3858d2468f4,2026-04-22 04:57:56.471526,"{0: 658, 1: 339, 2: 968, 3: 355, 4: 132, 5: 54}",2,BUY,FISH,7,RECIEVED,,,
460,37663b7e-8693-42eb-b7c6-3d18f4eb46e0,2026-04-22 04:58:00.190941,"{0: 659, 1: 339, 2: 968, 3: 355, 4: 132, 5: 54}",0,BUY,FISH,6,RECIEVED,,,
461,c2e43c52-ba5f-4889-a741-7cb7b03a2990,2026-04-22 04:58:01.307390,"{0: 660, 1: 339, 2: 968, 3: 355, 4: 132, 5: 54}",0,BUY,BOAR,3,RECIEVED,,,
462,241f9a46-cf4b-456c-8687-7ad790771bba,2026-04-22 04:58:01.569308,"{0: 660, 1: 339, 2: 969, 3: 355, 4: 132, 5: 54}",2,BUY,BOAR,9,RECIEVED,,,
463,4ceae12b-1974-4183-a842-08917644be44,2026-04-22 04:58:03.432987,"{0: 661, 1: 339, 2: 969, 3: 355, 4: 132, 5: 54}",0,BUY,BOAR,9,RECIEVED,,,
464,d73a0adc-57a6-4959-b09a-6c93770a93b2,2026-04-22 04:58:05.172594,"{0: 661, 1: 339, 2: 969, 3: 356, 4: 132, 5: 54}",3,RESTOCK,BOAR,20,RECIEVED,,,
465,c4a653c5-c0a0-4531-8190-e9eff2a94e6a,2026-04-22 04:58:06.040225,"{0: 661, 1: 340, 2: 969, 3: 356, 4: 132, 5: 54}",1,RESTOCK,BOAR,20,RECIEVED,,,
466,58e6825e-632e-45f3-ae4a-e2696f8cc842,2026-04-22 04:58:06.289419,"{0: 661, 1: 340, 2: 970, 3: 356, 4: 132, 5: 54}",2,RESTOCK,BOAR,20,RECIEVED,,,
467,6afb07e4-4cfa-44f8-9185-0f0da1e4ad59,2026-04-22 04:58:06.695111,"{0: 661, 1: 340, 2: 971, 3: 356, 4: 132, 5: 54}",2,BUY,BOAR,1,RECIEVED,,,
468,081720f0-2aae-4d6c-9173-5467b250a10c,2026-04-22 04:58:10.450041,"{0: 662, 1: 340, 2: 971, 3: 356, 4: 132, 5: 54}",0,BUY,BOAR,1,RECIEVED,,,
469,19a9b1e7-5314-4746-aa68-c4bd7d4beb8c,2026-04-22 04:58:15.185499,"{0: 662, 1: 340, 2: 971, 3: 357, 4: 132, 5: 54}",3,RESTOCK,BOAR,20,RECIEVED,,,
470,b2739d7e-932e-4da3-9b58-c19ff3bcb9bd,2026-04-22 04:58:15.711474,"{0: 662, 1: 340, 2: 972, 3: 357, 4: 132, 5: 54}",2,BUY,FISH,7,RECIEVED,,,
471,d6741f05-959c-4ca3-be28-17e2f736ae91,2026-04-22 04:58:16.083534,"{0: 662, 1: 341, 2: 972, 3: 357, 4: 132, 5: 54}",1,RESTOCK,SALT,20,RECIEVED,,,
472,9f6fd9dc-38bb-4770-9358-dcabb0b5ea8d,2026-04-22 04:58:16.333530,"{0: 662, 1: 341, 2: 973, 3: 357, 4: 132, 5: 54}",2,RESTOCK,BOAR,20,RECIEVED,,,
473,e7952382-4759-4995-bc51-6209787c3ac5,2026-04-22 04:58:18.472648,"{0: 663, 1: 341, 2: 973, 3: 357, 4: 132, 5: 54}",0,BUY,FISH,2,RECIEVED,,,
474,d5e74d11-357b-42ea-aba1-dedccd94b992,2026-04-22 04:58:20.589858,"{0: 664, 1: 341, 2: 973, 3: 357, 4: 132, 5: 54}",0,BUY,FISH,7,RECIEVED,,,
475,20bf8637-5dee-423d-be32-dcc67fe61369,2026-04-22 04:58:21.831371,"{0: 664, 1: 341, 2: 974, 3: 357, 4: 132, 5: 54}",2,BUY,FISH,3,RECIEVED,,,
476,31a82402-e84d-4fdd-ae7c-fc3f9b432d9b,2026-04-22 04:58:23.940954,"{0: 664, 1: 341, 2: 975, 3: 357, 4: 132, 5: 54}",2,BUY,BOAR,5,RECIEVED,,,
477,6c630499-2bb7-4e27-a78d-a064e1a08fcf,2026-04-22 04:58:25.319756,"{0: 664, 1: 341, 2: 975, 3: 358, 4: 132, 5: 54}",3,RESTOCK,FISH,20,RECIEVED,,,
478,9a8037f0-86b6-404d-9edd-de16dc901eac,2026-04-22 04:58:26.187762,"{0: 664, 1: 342, 2: 975, 3: 358, 4: 132, 5: 54}",1,RESTOCK,BOAR,20,RECIEVED,,,
479,256cb80d-0177-401e-9231-9c6b33a90ef6,2026-04-22 04:58:26.438782,"{0: 664, 1: 342, 2: 976, 3: 358, 4: 132, 5: 54}",2,RESTOCK,BOAR,20,RECIEVED,,,
480,e8aebdec-3c06-4d06-8c9c-28847fc9cfce,2026-04-22 04:58:26.685662,"{0: 665, 1: 342, 2: 976, 3: 358, 4: 132, 5: 54}",0,BUY,SALT,9,RECIEVED,,,
481,ece61820-1560-40e4-b01f-cbb31747ec1a,2026-04-22 04:58:27.802186,"{0: 666, 1: 342, 2: 976, 3: 358, 4: 132, 5: 54}",0,BUY,SALT,1,RECIEVED,,,
482,b898b607-544d-4aed-8ebe-53d8dbea58fb,2026-04-22 04:58:28.061449,"{0: 666, 1: 342, 2: 977, 3: 358, 4: 132, 5: 54}",2,BUY,FISH,4,RECIEVED,,,
483,1e98dfaf-8adc-4125-8e79-c3bf5fdf8ddf,2026-04-22 04:58:33.118785,"{0: 666, 1: 342, 2: 978, 3: 358, 4: 132, 5: 54}",2,BUY,FISH,1,RECIEVED,,,
484,fda2439f-f5f3-45fa-9fa4-b4d2356045c5,2026-04-22 04:58:57.392693,"{0: 668, 1: 343, 2: 982, 3: 359, 4: 132, 5: 54}",2,BUY,BOAR,1,RECIEVED,,,
485,ba49bdcb-b7c4-4362-b314-dc9d8824ff9b,2026-04-22 04:58:57.394826,"{0: 668, 1: 343, 2: 982, 3: 360, 4: 132, 5: 54}",3,RESTOCK,BOAR,20,RECIEVED,,,
486,1249b993-ea5d-415e-bda5-5859bcf96556,2026-04-22 04:58:57.397402,"{0: 668, 1: 344, 2: 982, 3: 360, 4: 132, 5: 54}",1,RESTOCK,FISH,20,RECIEVED,,,
487,2cf66288-243c-4d7e-b6d4-a01d9b8aa0a0,2026-04-22 04:58:57.399652,"{0: 668, 1: 344, 2: 983, 3: 360, 4: 132, 5: 54}",2,RESTOCK,FISH,20,RECIEVED,,,
488,b5347a1b-fe90-4b8b-a14e-a4567f0d4387,2026-04-22 04:58:57.401924,"{0: 669, 1: 344, 2: 983, 3: 360, 4: 132, 5: 54}",0,BUY,BOAR,7,RECIEVED,,,
489,32808fc7-4649-46b2-a2e2-2450e532fa57,2026-04-22 04:58:57.404011,"{0: 669, 1: 344, 2: 984, 3: 360, 4: 132, 5: 54}",2,BUY,SALT,1,RECIEVED,,,
490,f50d30e1-0224-4f76-953f-e101d283d641,2026-04-22 04:58:57.406084,"{0: 669, 1: 344, 2: 985, 3: 360, 4: 132, 5: 54}",2,BUY,SALT,6,RECIEVED,,,
491,63fec01d-1747-4c6c-98ce-4a6aee66d091,2026-04-22 04:58:57.408174,"{0: 670, 1: 344, 2: 985, 3: 360, 4: 132, 5: 54}",0,BUY,BOAR,5,RECIEVED,,,
492,bc929637-e945-485b-9329-065fafd926de,2026-04-22 04:58:57.410173,"{0: 670, 1: 344, 2: 985, 3: 361, 4: 132, 5: 54}",3,RESTOCK,SALT,20,RECIEVED,,,
493,f19cbc9b-08c1-4a7e-85b1-7bb6a5f70126,2026-04-22 04:58:57.412676,"{0: 670, 1: 345, 2: 985, 3: 361, 4: 132, 5: 54}",1,RESTOCK,SALT,20,RECIEVED,,,
494,75d2e2bc-a356-4cf3-94d0-f4ece7fa7d72,2026-04-22 04:58:57.414740,"{0: 670, 1: 345, 2: 986, 3: 361, 4: 132, 5: 54}",2,RESTOCK,SALT,20,RECIEVED,,,
495,a1329e7d-16f5-42a2-bceb-9f0b963205a5,2026-04-22 04:59:00.054693,"{0: 671, 1: 345, 2: 986, 3: 361, 4: 132, 5: 54}",0,BUY,BOAR,4,RECIEVED,,,
496,10dda68f-7139-42ec-861b-a63bb35fa3f5,2026-04-22 04:59:00.569311,"{0: 671, 1: 345, 2: 987, 3: 361, 4: 132, 5: 54}",2,BUY,FISH,5,RECIEVED,,,
497,15da0ff8-d0c0-49f7-aeaa-039dd087fa2d,2026-04-22 04:59:04.168537,"{0: 672, 1: 345, 2: 987, 3: 361, 4: 132, 5: 54}",0,BUY,FISH,7,RECIEVED,,,
498,936398df-177e-4d20-8a06-d74028c87842,2026-04-22 04:59:04.694550,"{0: 672, 1: 345, 2: 988, 3: 361, 4: 132, 5: 54}",2,BUY,BOAR,9,RECIEVED,,,
499,c2ebe279-a09b-4882-b0c4-e69a34f37be9,2026-04-22 04:58:35.334699,"{0: 667, 1: 342, 2: 978, 3: 359, 4: 132, 5: 54}",3,RESTOCK,FISH,20,RECIEVED,1776848315.3346996,,
500,f832c1af-c9b4-455d-80e7-5d3d06921e6e,2026-04-22 05:00:30.762356,"{0: 672, 1: 346, 2: 988, 3: 361, 4: 132, 5: 54}",1,RESTOCK,BOAR,20,RECIEVED,,,
501,04d81036-24fc-4080-a464-ba2aa276f5e0,2026-04-22 05:00:30.765697,"{0: 673, 1: 345, 2: 988, 3: 361, 4: 132, 5: 54}",0,BUY,FISH,2,RECIEVED,,,
502,19715027-ead4-4d09-ad68-79433b7119cc,2026-04-22 05:00:30.767821,"{0: 667, 1: 343, 2: 978, 3: 359, 4: 132, 5: 54}",1,RESTOCK,BOAR,20,RECIEVED,,,
503,f05a2905-3e41-4955-b8ef-91fade0782eb,2026-04-22 05:00:30.770033,"{0: 667, 1: 342, 2: 978, 3: 358, 4: 132, 5: 54}",0,BUY,FISH,6,RECIEVED,,,
504,4d9f9c44-379e-4e8b-8015-7ac64c2be7ff,2026-04-22 05:00:30.772126,"{0: 668, 1: 343, 2: 979, 3: 359, 4: 132, 5: 54}",0,BUY,SALT,7,RECIEVED,,,
505,46deada2-7539-4be6-902f-f16b1b242c79,2026-04-22 05:00:40.797384,"{0: 674, 1: 346, 2: 990, 3: 361, 4: 132, 5: 54}",0,BUY,FISH,2,RECIEVED,,,
506,19715027-ead4-4d09-ad68-79433b7119cc,2026-04-22 05:00:40.799388,"{0: 667, 1: 343, 2: 978, 3: 359, 4: 132, 5: 54}",1,RESTOCK,BOAR,20,RECIEVED,,,
507,f832c1af-c9b4-455d-80e7-5d3d06921e6e,2026-04-22 05:00:40.801374,"{0: 672, 1: 346, 2: 988, 3: 361, 4: 132, 5: 54}",1,RESTOCK,BOAR,20,RECIEVED,,,
508,f05a2905-3e41-4955-b8ef-91fade0782eb,2026-04-22 05:00:40.803368,"{0: 667, 1: 342, 2: 978, 3: 358, 4: 132, 5: 54}",0,BUY,FISH,6,RECIEVED,,,
509,4d9f9c44-379e-4e8b-8015-7ac64c2be7ff,2026-04-22 05:00:40.805363,"{0: 668, 1: 343, 2: 979, 3: 359, 4: 132, 5: 54}",0,BUY,SALT,7,RECIEVED,,,
510,04d81036-24fc-4080-a464-ba2aa276f5e0,2026-04-22 05:00:40.812049,"{0: 673, 1: 345, 2: 988, 3: 361, 4: 132, 5: 54}",0,BUY,FISH,2,RECIEVED,,,
511,f80263fa-5523-4b03-b9d8-15af4739fa8d,2026-04-22 05:00:40.815142,"{0: 674, 1: 346, 2: 991, 3: 361, 4: 132, 5: 54}",2,BUY,BOAR,7,RECIEVED,,,
512,aa10d973-c950-476b-8981-2e0b315cd708,2026-04-22 05:00:40.819049,"{0: 673, 1: 346, 2: 989, 3: 361, 4: 132, 5: 54}",2,RESTOCK,FISH,20,RECIEVED,,,
513,9dbf9a7b-88b1-4cad-ac1b-2d9a6dec12cf,2026-04-22 05:00:40.822406,"{0: 668, 1: 343, 2: 980, 3: 359, 4: 132, 5: 54}",2,BUY,FISH,1,RECIEVED,,,
514,0183fda2-c3f2-48d7-a301-9305b14e0eb1,2026-04-22 05:00:40.823724,"{0: 668, 1: 343, 2: 981, 3: 359, 4: 132, 5: 54}",2,BUY,BOAR,3,RECIEVED,,,
515,312e33c6-c8c2-4440-a767-f2487be79acd,2026-04-22 05:00:40.826142,"{0: 667, 1: 343, 2: 979, 3: 359, 4: 132, 5: 54}",2,RESTOCK,SALT,20,RECIEVED,,,
516,c15dc5ed-3611-484c-b9fa-b1d153710f86,2026-04-22 05:00:40.828194,"{0: 673, 1: 346, 2: 990, 3: 361, 4: 132, 5: 54}",2,BUY,FISH,5,RECIEVED,,,
517,6495888b-e05c-4a8b-9e30-d07451ca3ec8,2026-04-22 05:00:40.829220,"{0: 674, 1: 346, 2: 991, 3: 362, 4: 132, 5: 54}",3,RESTOCK,SALT,20,RECIEVED,,,
518,2141fb60-51db-442f-8fea-6e1de001a1a6,2026-04-22 05:00:40.940447,"{0: 674, 1: 346, 2: 991, 3: 363, 4: 132, 5: 54}",3,RESTOCK,BOAR,20,RECIEVED,,,
519,c0f336c5-9b9a-43f5-9fc0-243931b1e676,2026-04-22 05:00:40.942442,"{0: 675, 1: 346, 2: 991, 3: 362, 4: 132, 5: 54}",0,BUY,FISH,7,RECIEVED,,,
520,91eefb5a-3b11-457c-96d4-7bc25d1e4c4b,2026-04-22 05:00:41.742451,"{0: 675, 1: 347, 2: 991, 3: 363, 4: 132, 5: 54}",1,RESTOCK,FISH,20,RECIEVED,,,
521,bbc470f9-45b6-4b6b-b61a-99b2fd89bef4,2026-04-22 05:00:42.008382,"{0: 675, 1: 347, 2: 992, 3: 363, 4: 132, 5: 54}",2,RESTOCK,BOAR,20,RECIEVED,,,
522,bfb198d4-82db-40f6-81b8-62035f6b95f4,2026-04-22 05:00:42.010414,"{0: 675, 1: 347, 2: 993, 3: 363, 4: 132, 5: 54}",2,BUY,BOAR,2,RECIEVED,,,
523,a73fa130-2219-4945-9633-b6da31774e29,2026-04-22 05:00:43,"{0: 676, 1: 347, 2: 993, 3: 363, 4: 132, 5: 54}",0,BUY,SALT,9,RECIEVED,,,
524,9ce12451-a073-4733-88da-3cd5c141dc8c,2026-04-22 05:00:44.120104,"{0: 676, 1: 347, 2: 994, 3: 363, 4: 132, 5: 54}",2,BUY,BOAR,3,RECIEVED,,,
525,0c8b707d-e57d-4281-a38f-ce0008e7f36c,2026-04-22 05:00:47.256288,"{0: 676, 1: 347, 2: 995, 3: 363, 4: 132, 5: 54}",2,BUY,BOAR,8,RECIEVED,,,
526,0b67c02b-1e87-4410-901d-3b6f53c3a7ee,2026-04-22 05:00:49.129128,"{0: 677, 1: 347, 2: 995, 3: 363, 4: 132, 5: 54}",0,BUY,BOAR,6,RECIEVED,,,
527,da561eea-f727-4e9d-ba44-fe8e4e7bdbc4,2026-04-22 05:00:50.396242,"{0: 677, 1: 347, 2: 996, 3: 363, 4: 132, 5: 54}",2,BUY,BOAR,9,RECIEVED,,,
528,dd7bd0ad-c00c-4c94-b543-2005ffc4a96e,2026-04-22 05:00:51.005647,"{0: 677, 1: 347, 2: 996, 3: 364, 4: 132, 5: 54}",3,RESTOCK,FISH,20,RECIEVED,,,
529,ad2a1f47-eeb2-452a-b716-e833516c21fc,2026-04-22 05:00:51.767496,"{0: 677, 1: 348, 2: 996, 3: 364, 4: 132, 5: 54}",1,RESTOCK,SALT,20,RECIEVED,,,
530,90fa81d9-0f73-43b0-95f3-c9ab05b2a7a5,2026-04-22 05:00:52.016591,"{0: 677, 1: 348, 2: 997, 3: 364, 4: 132, 5: 54}",2,RESTOCK,BOAR,20,RECIEVED,,,
531,f736b3d7-9da3-4113-a7f6-94540f7c8d76,2026-04-22 05:00:53.428622,"{0: 677, 1: 348, 2: 998, 3: 364, 4: 132, 5: 54}",2,BUY,SALT,1,RECIEVED,,,
532,f07d8220-3ea8-4316-b22a-8a0169a7cc53,2026-04-22 05:00:54.178123,"{0: 678, 1: 348, 2: 998, 3: 364, 4: 132, 5: 54}",0,BUY,BOAR,4,RECIEVED,,,
533,361e53a6-6b9e-4bdd-938f-c168ab99f1c5,2026-04-22 05:00:57.571192,"{0: 678, 1: 348, 2: 999, 3: 364, 4: 132, 5: 54}",2,BUY,FISH,5,RECIEVED,,,
534,a6457af7-498f-406c-b223-88aca6808772,2026-04-22 05:00:58.700130,"{0: 678, 1: 348, 2: 1000, 3: 364, 4: 132, 5: 54}",2,BUY,FISH,5,RECIEVED,,,
535,b3e70851-96d4-437f-a37a-ed7231651365,2026-04-22 05:01:01.071007,"{0: 678, 1: 348, 2: 1000, 3: 365, 4: 132, 5: 54}",3,RESTOCK,SALT,20,RECIEVED,,,
536,7dc4134f-c891-4041-8589-e3b57811ae54,2026-04-22 05:01:01.812339,"{0: 678, 1: 349, 2: 1000, 3: 365, 4: 132, 5: 54}",1,RESTOCK,BOAR,20,RECIEVED,,,
537,b69de9f0-905a-4523-ad9f-7f79927691a4,2026-04-22 05:01:02.061703,"{0: 678, 1: 349, 2: 1001, 3: 365, 4: 132, 5: 54}",2,RESTOCK,FISH,20,RECIEVED,,,
