,uid,timestamp,clock,type,item,quantity,status,init_time,acked_time,received_time
0,1278b336-a751-4ab2-b38b-f734c494a06a,2026-04-22 03:28:09.252576,{},ELECT,,,DONE,1776842889.2469473,,
1,55b5ce0b-f795-43af-89ff-1bd67cf15789,2026-04-22 03:28:09.261067,{},ELECT,,,DONE,1776842889.257299,,
2,a2e6dbec-c13a-45db-b8e6-a91ad18792db,2026-04-22 03:28:24.294915,"{0: 2, 1: 1, 2: 1, 3: 1, 4: 2, 5: 0}",RESTOCK,SALT,0.0,DONE,1776842899.272275,1776842904.2959366,
3,7b32238f-810f-4b93-a6a8-e7a0bc5b9f17,2026-04-22 03:28:29.323019,"{0: 3, 1: 2, 2: 4, 3: 2, 4: 4, 5: 0}",RESTOCK,FISH,0.0,DONE,1776842909.3152947,1776842909.3242683,
4,21ae38bf-dcda-47dc-a557-7285746703c4,2026-04-22 03:28:39.346436,"{0: 5, 1: 3, 2: 8, 3: 3, 4: 6, 5: 0}",RESTOCK,FISH,20,ACKED,1776842919.3238328,1776842919.3475049,
5,e7289366-fabc-421e-a360-e98312a951d7,2026-04-22 03:28:49.355638,"{0: 7, 1: 4, 2: 12, 3: 4, 4: 8, 5: 0}",RESTOCK,SALT,8.0,DONE,1776842929.346553,1776842929.3566651,
6,90b88356-b12d-4e55-ab22-e0dbc091ceb4,2026-04-22 03:28:59.452037,"{0: 8, 1: 5, 2: 14, 3: 5, 4: 10, 5: 0}",RESTOCK,FISH,20,ACKED,1776842939.4457107,1776842939.453063,
7,eaa56e9e-954a-40ce-ac0d-5d5f659fb76d,2026-04-22 03:29:09.523635,"{0: 9, 1: 6, 2: 17, 3: 6, 4: 13, 5: 0}",RESTOCK,BOAR,10.0,DONE,1776842949.513715,1776842949.5246625,
8,4e861c40-35a3-4bac-9eed-a1e69f89bc5b,2026-04-22 03:29:19.540047,"{0: 11, 1: 7, 2: 19, 3: 7, 4: 14, 5: 0}",RESTOCK,SALT,20,ACKED,1776842959.5305886,1776842959.5410888,
9,521f85cb-137d-4e03-a0f3-ca395da0748d,2026-04-22 03:30:25.573297,"{0: 13, 1: 8, 2: 23, 3: 8, 4: 15, 5: 0}",RESTOCK,SALT,20,ACKED,1776842969.565113,1776843025.5747154,
10,5f07cbed-28c8-4a9b-b955-bf069143c432,2026-04-22 03:30:25.575750,"{0: 15, 1: 9, 2: 25, 3: 9, 4: 18, 5: 0}",RESTOCK,BOAR,20,ACKED,1776842979.5735188,1776843025.57575,
11,025c5349-41d3-4845-9aa3-fbe8fd04ec0b,2026-04-22 03:30:25.577020,"{0: 17, 1: 10, 2: 28, 3: 10, 4: 19, 5: 0}",RESTOCK,FISH,20,ACKED,1776842989.6674519,1776843025.578054,
12,a311e7f1-c7be-475f-99c9-3b20469754f6,2026-04-22 03:29:58.465230,{},ELECT,,,DONE,1776842998.463132,,
13,6c2e66cc-5589-4f4d-a6c3-f18f70562c53,2026-04-22 03:29:58.898741,{},ELECT,,,DONE,1776842998.8957498,,
14,df858b24-12e1-4674-b6d5-fdd5858aa602,2026-04-22 03:29:59.007840,{},ELECT,,,DONE,1776842999.004331,,
15,d2c8a1d3-96bc-4596-bb48-2ea3bfe300d5,2026-04-22 03:29:59.599316,{},ELECT,,,DONE,1776842999.5936155,,
16,e7341540-335d-4fc1-b920-10e9042d3462,2026-04-22 03:30:25.579077,"{0: 18, 1: 10, 2: 30, 3: 11, 4: 20, 5: 0}",RESTOCK,SALT,20,ACKED,1776842999.7049065,1776843025.580106,
17,9bb30c94-5ae4-4e7a-a06a-7f155a1b6b08,2026-04-22 03:30:25.571292,"{0: 18, 1: 10, 2: 32, 3: 12, 4: 20, 5: 0}",RESTOCK,SALT,20,ACKED,1776843010.9653924,1776843025.5732977,
18,23b2a73b-d7ef-47c2-a5af-750c50a1047b,2026-04-22 03:30:30.099989,{},ELECT,,,DONE,1776843030.0958238,,
19,f3a23c79-bfb1-453d-93d3-560c4b591f1a,2026-04-22 03:30:30.114670,{},ELECT,,,DONE,1776843030.1114378,,
20,8383eadd-9813-45fa-87d5-061248fe9a14,2026-04-22 03:31:00.175306,{},ELECT,,,DONE,1776843060.171099,,
21,0820e32c-b756-4247-afbf-3c3c58f3cfe8,2026-04-22 03:31:00.179994,{},ELECT,,,DONE,1776843060.1776571,,
22,dcd396c1-142f-4247-b533-163056fb9c1b,2026-04-22 03:31:31.492343,"{0: 19, 1: 11, 2: 32, 3: 13, 4: 20, 5: 0}",RESTOCK,SALT,20,ACKED,1776843076.8921878,1776843091.4933999,
23,89457a70-a0d1-40aa-a04c-9c99131ff952,2026-04-22 03:31:31.507230,"{0: 22, 1: 12, 2: 35, 3: 14, 4: 20, 5: 0}",RESTOCK,SALT,20,ACKED,1776843086.9741683,1776843091.508234,
24,0a025b40-9060-4f64-8fb5-fab6234b62ac,2026-04-22 03:31:36.996178,"{0: 25, 1: 13, 2: 37, 3: 15, 4: 20, 5: 0}",RESTOCK,FISH,20,ACKED,1776843096.9860375,1776843096.9972792,
25,bc14147b-c601-407f-aa3f-a31feb7392b7,2026-04-22 03:31:47.012392,"{0: 26, 1: 14, 2: 41, 3: 16, 4: 20, 5: 0}",RESTOCK,SALT,20,ACKED,1776843107.0018976,1776843107.0134394,
26,32706f21-c94e-49f6-a6ec-f268d181eb8b,2026-04-22 03:31:57.034006,"{0: 28, 1: 15, 2: 45, 3: 17, 4: 20, 5: 0}",RESTOCK,FISH,20,ACKED,1776843117.0235002,1776843117.0360425,
27,ae6f993c-6869-4301-b418-750dc1d4561a,2026-04-22 03:32:07.142645,"{0: 30, 1: 16, 2: 47, 3: 18, 4: 20, 5: 0}",RESTOCK,SALT,20,ACKED,1776843127.1331584,1776843127.1436775,
28,11d49455-7db1-4263-8bec-758bbd26e196,2026-04-22 03:32:17.172975,"{0: 33, 1: 17, 2: 51, 3: 19, 4: 20, 5: 0}",RESTOCK,FISH,20,ACKED,1776843137.1729755,,
29,383c2f85-21e2-4220-8773-8df03d40302d,2026-04-22 03:32:27.252076,"{0: 35, 1: 18, 2: 53, 3: 20, 4: 20, 5: 0}",RESTOCK,SALT,20,ACKED,1776843147.2520769,,
30,8dda1367-bfe8-42ff-a790-c2e1b21753f3,2026-04-22 03:32:37.314250,"{0: 37, 1: 19, 2: 55, 3: 21, 4: 20, 5: 0}",RESTOCK,FISH,20,ACKED,1776843157.31425,,
31,f9f8cb0e-a48e-4a9d-8f1e-af2d5ed04c77,2026-04-22 03:32:46.862908,{},ELECT,,,NEEDS_RESEND,1776843166.8629086,,
32,dc866346-c70e-4345-886c-6cdb2057b286,2026-04-22 03:32:57.484868,{},ELECT,,,DONE,1776843167.2916386,,
33,2a4340e3-20d7-4498-a99e-fdd82835c185,2026-04-22 03:33:24.892911,"{0: 41, 1: 22, 2: 62, 3: 22, 4: 20, 5: 0}",RESTOCK,FISH,20,ACKED,1776843192.6291628,1776843204.89408,
34,24a1c4f4-b125-41d9-87b4-be48a873af92,2026-04-22 03:33:24.861333,{},ELECT,,,DONE,1776843200.2348132,,
35,ef593a0e-9e71-42a8-9f7e-302e813e915b,2026-04-22 03:33:24.894080,"{0: 41, 1: 22, 2: 62, 3: 23, 4: 20, 5: 0}",RESTOCK,FISH,20,ACKED,1776843202.6849656,1776843204.8951805,
36,e7c314e3-7336-4a3f-8a8c-ac7debf4e364,2026-04-22 03:33:32.745644,"{0: 41, 1: 22, 2: 62, 3: 24, 4: 20, 5: 0}",RESTOCK,FISH,20,ACKED,1776843212.7366633,1776843212.7470098,
37,a023dfc8-5aeb-484b-8d63-c794a0888004,2026-04-22 03:33:42.834032,"{0: 41, 1: 22, 2: 62, 3: 25, 4: 20, 5: 0}",RESTOCK,SALT,20,ACKED,1776843222.8276505,1776843222.8350365,
38,5dac1e52-fea8-4571-aa32-ab4864d1692a,2026-04-22 03:33:50.437202,{},ELECT,,,DONE,1776843230.4348063,,
39,194cad5d-7caa-4ec8-ab6e-2a2cc5692826,2026-04-22 03:33:50.854763,{},ELECT,,,DONE,1776843230.8514013,,
40,a60fd44f-468a-4416-8b06-b91d3fde7d3a,2026-04-22 03:33:52.921615,"{0: 41, 1: 22, 2: 62, 3: 26, 4: 20, 5: 0}",RESTOCK,SALT,20,ACKED,1776843232.9120593,1776843232.9226406,
41,b217181c-44eb-4a8b-be19-01efa568f04c,2026-04-22 03:34:02.994013,"{0: 41, 1: 22, 2: 62, 3: 27, 4: 20, 5: 0}",RESTOCK,FISH,20,ACKED,1776843242.9736245,1776843242.9950163,
42,243fcaf3-131a-472f-886c-9ff4c11dcfb9,2026-04-22 03:34:24.063197,"{0: 42, 1: 23, 2: 64, 3: 28, 4: 21, 5: 0}",RESTOCK,SALT,20,ACKED,1776843253.0597646,1776843264.0643437,
43,50e67648-60ab-44dd-b753-be34abb093ec,2026-04-22 03:34:24.076876,"{0: 44, 1: 24, 2: 67, 3: 29, 4: 22, 5: 0}",RESTOCK,BOAR,20,ACKED,1776843263.1480129,1776843264.077908,
44,ebe66ab7-82e2-4e86-8238-8f6cf00ac057,2026-04-22 03:34:33.241401,"{0: 47, 1: 25, 2: 69, 3: 30, 4: 24, 5: 0}",RESTOCK,FISH,20,ACKED,1776843273.2313728,1776843273.2427025,
45,6bd975a3-1c94-4953-b76b-52bb5e34c7b1,2026-04-22 03:34:43.340357,"{0: 49, 1: 26, 2: 71, 3: 31, 4: 26, 5: 0}",RESTOCK,SALT,20,ACKED,1776843283.3301837,1776843283.3416066,
46,42af3774-65e1-47b9-9259-e48da901fa3d,2026-04-22 03:34:53.353807,"{0: 50, 1: 27, 2: 74, 3: 32, 4: 27, 5: 0}",RESTOCK,FISH,20,ACKED,1776843293.3437014,1776843293.3548474,
47,05ead94e-70f2-44e3-811d-261b60c456f9,2026-04-22 03:35:03.369034,"{0: 52, 1: 28, 2: 77, 3: 33, 4: 29, 5: 0}",RESTOCK,SALT,20,ACKED,1776843303.363078,1776843303.3704875,
48,9362c777-854d-463c-bad1-abc113df4f5b,2026-04-22 03:36:08.362888,"{0: 53, 1: 29, 2: 80, 3: 34, 4: 32, 5: 0}",RESTOCK,SALT,20,ACKED,1776843313.4681613,1776843368.3638973,
49,d616bd70-f0a7-450c-902b-a5850d019a3e,2026-04-22 03:36:08.363897,"{0: 57, 1: 30, 2: 83, 3: 35, 4: 33, 5: 0}",RESTOCK,BOAR,20,ACKED,1776843323.5360315,1776843368.3649065,
50,b1347527-8583-4e71-bdeb-ee9fa1d0951c,2026-04-22 03:36:08.366004,"{0: 58, 1: 31, 2: 86, 3: 36, 4: 36, 5: 0}",RESTOCK,BOAR,20,ACKED,1776843333.6401389,1776843368.367005,
51,6c88bd31-d444-41cb-a4a3-d1e04ffd1b11,2026-04-22 03:35:39.417868,{},ELECT,,,DONE,1776843339.411945,,
52,63e9c0e6-0d28-4113-9e69-b66c97c2815e,2026-04-22 03:36:08.361602,"{0: 59, 1: 31, 2: 87, 3: 37, 4: 37, 5: 0}",RESTOCK,FISH,20,ACKED,1776843353.6787302,1776843368.362888,
53,f42ca9d8-30c2-4ea5-bdd6-f892ff774e4f,2026-04-22 03:36:09.608722,{},ELECT,,,DONE,1776843369.6064527,,
54,be6d5978-9527-4d34-88a5-a91e3ead24b0,2026-04-22 03:36:10.721387,{},ELECT,,,DONE,1776843370.7167761,,
55,3786ee20-6d27-491f-ad90-b15a71f9b0d3,2026-04-22 03:36:11.841266,{},ELECT,,,DONE,1776843371.8354356,,
56,379f8449-af04-4e7b-a7bf-d52e948156e5,2026-04-22 03:36:40.744985,{},ELECT,,,DONE,1776843400.7418604,,
57,6c5cede0-f3c2-4ba4-9f90-4bb82db53463,2026-04-22 03:36:41.852515,{},ELECT,,,DONE,1776843401.8494089,,
58,12244ddb-61e8-49f9-8206-66a4af10e7c5,2026-04-22 03:37:25.521232,{},ELECT,,,DONE,1776843430.802705,,
59,7f594b32-1278-4ecc-8ead-ea354eb8426f,2026-04-22 03:37:25.522397,"{0: 60, 1: 32, 2: 89, 3: 38, 4: 37, 5: 0}",RESTOCK,BOAR,20,ACKED,1776843430.902747,1776843445.5234253,
60,91a23e51-e492-405b-9b41-fdc79d952c26,2026-04-22 03:37:25.542377,"{0: 62, 1: 33, 2: 94, 3: 39, 4: 37, 5: 0}",RESTOCK,BOAR,20,ACKED,1776843440.928428,1776843445.5435097,
61,98cba5b5-c570-4c5b-bec1-908f5489ee37,2026-04-22 03:37:30.961275,"{0: 64, 1: 34, 2: 97, 3: 40, 4: 37, 5: 0}",RESTOCK,BOAR,20,ACKED,1776843450.9514954,1776843450.9623015,
62,fb70baec-c808-44aa-bcf2-a12002f9f8a3,2026-04-22 03:37:41.051360,"{0: 65, 1: 35, 2: 100, 3: 41, 4: 37, 5: 0}",RESTOCK,BOAR,20,ACKED,1776843461.0458748,1776843461.052402,
63,229e3fc5-57a9-4747-944b-e3a91e4474f3,2026-04-22 03:37:51.082490,"{0: 69, 1: 36, 2: 104, 3: 42, 4: 37, 5: 0}",RESTOCK,FISH,20,ACKED,1776843471.0724194,1776843471.0835145,
64,084a9c5a-51af-4b40-ac4d-b30a6ae45776,2026-04-22 03:38:01.128300,"{0: 70, 1: 37, 2: 107, 3: 43, 4: 37, 5: 0}",RESTOCK,FISH,20,ACKED,1776843481.121895,1776843481.129303,
65,de71f4b4-adf5-4c50-a3a4-0c4f15265678,2026-04-22 03:38:11.177385,"{0: 72, 1: 38, 2: 109, 3: 44, 4: 37, 5: 0}",RESTOCK,BOAR,20,ACKED,1776843491.1664383,1776843491.1786082,
66,f45d3eb5-d4ce-4990-b544-9821e19d85bf,2026-04-22 03:38:21.221950,"{0: 73, 1: 39, 2: 112, 3: 45, 4: 37, 5: 0}",RESTOCK,BOAR,20,ACKED,1776843501.2106762,1776843501.222948,
67,c70d935b-339a-47bb-88f8-f99f709caec4,2026-04-22 03:38:31.236753,"{0: 76, 1: 40, 2: 116, 3: 46, 4: 37, 5: 0}",RESTOCK,BOAR,20,ACKED,1776843511.2367532,,
68,475b170c-74a6-47a2-9a98-a66ae6913477,2026-04-22 03:38:41.350622,"{0: 78, 1: 41, 2: 118, 3: 47, 4: 37, 5: 0}",RESTOCK,BOAR,20,ACKED,1776843521.3506222,,
69,2dc8af6c-9481-4095-be9f-8a9e4739ace4,2026-04-22 03:39:04.790624,"{0: 80, 1: 42, 2: 122, 3: 48, 4: 37, 5: 0}",RESTOCK,BOAR,20,ACKED,1776843531.4313667,1776843544.7917793,
70,d12aacfa-246d-45e0-b2ea-e86de687d55e,2026-04-22 03:39:04.792827,{},ELECT,,,DONE,1776843537.5614574,,
71,401eae1c-72c5-4462-9338-e0a6fc29e194,2026-04-22 03:39:04.793851,{},ELECT,,,DONE,1776843541.4401255,,
72,85701b13-3c7d-4cdd-a7c4-2c0093ecd85d,2026-04-22 03:39:30.417029,{},ELECT,,,DONE,1776843570.4019563,,
73,ee56b3ee-83fd-425f-827c-6b34e59ea136,2026-04-22 03:39:30.507394,{},ELECT,,,DONE,1776843570.5012088,,
74,972de411-de55-4793-b9b5-b963d3bcca18,2026-04-22 03:39:31.627242,{},ELECT,,,DONE,1776843571.624987,,
75,6325f623-d9b1-4ec2-98c6-54d0665c9cd1,2026-04-22 03:40:10.691943,{},ELECT,,,DONE,1776843600.5465703,,
76,0ea287c3-3d0a-476b-97f6-1d3931a33737,2026-04-22 03:40:36.714084,"{0: 84, 1: 45, 2: 128, 3: 49, 4: 37, 5: 0}",RESTOCK,FISH,20,ACKED,1776843625.8309941,1776843636.7151914,
77,2ed22ba3-28ee-4245-ba4e-e8fd1c37c082,2026-04-22 03:40:36.681841,{},ELECT,,,DONE,1776843630.5690985,,
78,d678c6bb-11e5-4cb0-9fa5-da0ee21210cb,2026-04-22 03:40:36.715191,"{0: 84, 1: 45, 2: 128, 3: 50, 4: 37, 5: 0}",RESTOCK,FISH,20,ACKED,1776843635.9522932,1776843636.7166848,
79,9afcbc69-edc6-45dd-af07-26a9bf3e746f,2026-04-22 03:40:46.024325,"{0: 86, 1: 46, 2: 131, 3: 51, 4: 37, 5: 0}",RESTOCK,BOAR,20,ACKED,1776843645.9949083,1776843646.0253227,
80,92d82680-4e16-496a-857b-ff7ad5a1faa6,2026-04-22 03:40:56.053177,"{0: 88, 1: 47, 2: 136, 3: 52, 4: 37, 5: 0}",RESTOCK,SALT,20,ACKED,1776843656.0472882,1776843656.0545993,
81,e235eda1-02c6-4c15-ac5a-3784e5eb2fa5,2026-04-22 03:41:06.142567,"{0: 90, 1: 48, 2: 138, 3: 53, 4: 37, 5: 0}",RESTOCK,BOAR,20,ACKED,1776843666.132643,1776843666.1440663,
82,0e9c0ebf-438e-4f60-aaad-8ca77bb94884,2026-04-22 03:41:16.160021,"{0: 92, 1: 49, 2: 140, 3: 54, 4: 37, 5: 0}",RESTOCK,BOAR,20,ACKED,1776843676.145083,1776843676.1632469,
83,497fbdae-ddb4-4baf-a848-0692f1ea5b29,2026-04-22 03:41:26.248551,"{0: 93, 1: 50, 2: 145, 3: 55, 4: 37, 5: 0}",RESTOCK,BOAR,20,ACKED,1776843686.2149363,1776843686.249876,
84,0d194111-f989-4677-9434-d4b3e77570b1,2026-04-22 03:41:36.272850,"{0: 95, 1: 51, 2: 149, 3: 56, 4: 37, 5: 0}",RESTOCK,SALT,20,ACKED,1776843696.244707,1776843696.27385,
85,6943ef48-2b68-46c8-8285-a892d2e21e55,2026-04-22 03:41:46.358196,"{0: 98, 1: 52, 2: 152, 3: 57, 4: 37, 5: 0}",RESTOCK,FISH,20,ACKED,1776843706.3581963,,
86,2a40da03-dc2c-4a7f-b157-c81fa9d0f9e4,2026-04-22 03:42:06.255612,"{0: 99, 1: 53, 2: 154, 3: 58, 4: 37, 5: 0}",RESTOCK,SALT,20,ACKED,1776843716.4042764,1776843726.2566924,
87,b76e860a-289d-4d31-81cd-474973c960c9,2026-04-22 03:42:06.486918,"{0: 101, 1: 54, 2: 157, 3: 59, 4: 37, 5: 0}",RESTOCK,FISH,20,ACKED,1776843726.475649,1776843726.489377,
88,1bdc99aa-9068-41c5-b815-0702f2cff722,2026-04-22 03:42:07.370095,{},ELECT,,,DONE,1776843727.3669116,,
89,d25086d8-c87b-496d-b059-f84f21b1b0fd,2026-04-22 03:42:09.312343,{},ELECT,,,DONE,1776843729.3091574,,
90,ea177223-8ca2-406c-af80-b38d908bcaa5,2026-04-22 03:42:09.605020,{},ELECT,,,DONE,1776843729.6028419,,
91,3863a047-2b46-429a-a7f9-377c43470609,2026-04-22 03:42:09.934998,{},ELECT,,,DONE,1776843729.9316905,,
92,579ba3cb-950d-4a2e-9208-4e6a94d4aceb,2026-04-22 03:42:39.801158,{},ELECT,,,DONE,1776843759.797537,,
93,00fd7e41-651b-4985-b65e-ea704fdd5f3c,2026-04-22 03:42:40.917201,{},ELECT,,,DONE,1776843760.9146082,,
94,f50ca814-895c-4a12-958d-23411ee1113f,2026-04-22 03:43:20.016958,{},ELECT,,,DONE,1776843789.8794806,,
95,21b1046c-f508-4c49-921f-5618312d6f32,2026-04-22 03:43:51.728596,"{0: 102, 1: 55, 2: 159, 3: 60, 4: 37, 5: 0}",RESTOCK,BOAR,20,ACKED,1776843816.817803,1776843831.729731,
96,44203c23-67e6-4fd2-b969-af4d083e69fc,2026-04-22 03:43:51.750360,"{0: 105, 1: 56, 2: 162, 3: 61, 4: 37, 5: 0}",RESTOCK,FISH,20,ACKED,1776843826.863809,1776843831.7514272,
97,2ec69fba-02a8-4bd6-bedf-2bc4288b9851,2026-04-22 03:43:56.968347,"{0: 108, 1: 57, 2: 165, 3: 62, 4: 37, 5: 0}",RESTOCK,FISH,20,ACKED,1776843836.9584427,1776843836.969374,
98,f7f7a82d-ebdc-479a-b649-3f8602d2cf5f,2026-04-22 03:44:07.054888,"{0: 110, 1: 58, 2: 168, 3: 63, 4: 37, 5: 0}",RESTOCK,BOAR,20,ACKED,1776843847.0446117,1776843847.0559185,
99,3c4dad16-b85f-4882-8034-025675aea905,2026-04-22 03:44:17.059777,"{0: 112, 1: 59, 2: 170, 3: 64, 4: 37, 5: 0}",RESTOCK,BOAR,20,ACKED,1776843857.0530853,1776843857.0608048,
100,a0a19925-9a9b-40cc-8e76-543da47ad8b9,2026-04-22 03:44:27.080217,"{0: 114, 1: 60, 2: 172, 3: 65, 4: 37, 5: 0}",RESTOCK,SALT,20,ACKED,1776843867.070747,1776843867.081269,
101,0eba5c21-1d1d-47d5-a67e-15f3997e2ed6,2026-04-22 03:44:37.109329,"{0: 115, 1: 61, 2: 175, 3: 66, 4: 37, 5: 0}",RESTOCK,BOAR,20,ACKED,1776843877.1093292,,
102,4b60302f-2dc4-40b6-868a-16b91b0830d8,2026-04-22 03:45:02.216142,"{0: 117, 1: 62, 2: 178, 3: 67, 4: 37, 5: 0}",RESTOCK,SALT,20,ACKED,1776843887.193305,1776843902.2175624,
103,47f89a06-e50c-431c-9e45-39090cd4898b,2026-04-22 03:45:02.226403,"{0: 119, 1: 63, 2: 180, 3: 68, 4: 37, 5: 0}",RESTOCK,BOAR,20,ACKED,1776843897.2033217,1776843902.2277908,
104,13d066e0-bc3e-4abe-9374-1986ad0f0172,2026-04-22 03:45:07.237922,{},ELECT,,,DONE,1776843907.2358677,,
105,3b62aacb-e8ec-47b1-9505-ff30f4c090be,2026-04-22 03:45:08.353726,{},ELECT,,,DONE,1776843908.3491313,,
106,7571f99c-a7a8-454e-9a68-70d1cf56137c,2026-04-22 03:45:10.579114,{},ELECT,,,DONE,1776843910.5770733,,
107,8cf40ae7-d6f2-44be-b49d-4af6c59161b8,2026-04-22 03:45:11.701314,{},ELECT,,,DONE,1776843911.697831,,
108,5f0e8cc5-69f6-4af7-abb9-1df86744f1a4,2026-04-22 03:45:40.639434,{},ELECT,,,DONE,1776843940.6363716,,
109,9b4c1a56-cfa9-47e9-a8a1-a45a21048057,2026-04-22 03:45:41.753091,{},ELECT,,,DONE,1776843941.7495735,,
110,2c1503b9-5963-401c-b946-0c8c10b9807a,2026-04-22 03:46:20.839689,{},ELECT,,,DONE,1776843970.6943188,,
111,73c5af9b-2700-4a96-9478-ee721daa0775,2026-04-22 03:46:51.802167,"{0: 123, 1: 65, 2: 184, 3: 69, 4: 37, 5: 0}",RESTOCK,SALT,20,ACKED,1776843996.9003496,1776844011.8032117,
112,1eab81c4-744f-41b1-9f37-e800958be6b7,2026-04-22 03:46:51.815735,"{0: 125, 1: 66, 2: 187, 3: 70, 4: 37, 5: 0}",RESTOCK,FISH,20,ACKED,1776844006.977601,1776844011.8167648,
113,ad6ebd82-fcff-480d-b10e-fc29b336a1de,2026-04-22 03:46:57.008243,"{0: 127, 1: 67, 2: 189, 3: 71, 4: 37, 5: 0}",RESTOCK,BOAR,20,ACKED,1776844016.9975867,1776844017.009469,
114,4655dc71-ca3f-4c67-af72-a780223a8d3a,2026-04-22 03:47:07.068497,"{0: 129, 1: 68, 2: 192, 3: 72, 4: 37, 5: 0}",RESTOCK,BOAR,20,ACKED,1776844027.060099,1776844027.0695004,
115,540b6387-a9c2-427b-b178-6c40be85a3a3,2026-04-22 03:47:17.181080,"{0: 130, 1: 69, 2: 196, 3: 73, 4: 37, 5: 0}",RESTOCK,FISH,20,ACKED,1776844037.1531773,1776844037.1820831,
116,c7ac2e9b-2ea6-46dd-8edd-834f118b393d,2026-04-22 03:47:27.268372,"{0: 133, 1: 70, 2: 199, 3: 74, 4: 37, 5: 0}",RESTOCK,FISH,20,ACKED,1776844047.2576957,1776844047.270425,
117,56ce2d58-051b-4d68-8d85-582a1b420de4,2026-04-22 03:47:37.271138,"{0: 135, 1: 71, 2: 202, 3: 75, 4: 37, 5: 0}",RESTOCK,FISH,20,ACKED,1776844057.271139,,
118,c5690394-bb99-4808-adb1-3ff4752e0ae7,2026-04-22 03:48:00.400241,"{0: 137, 1: 72, 2: 205, 3: 76, 4: 37, 5: 0}",RESTOCK,SALT,20,ACKED,1776844067.33987,1776844080.4017684,
119,da07d3e7-7358-471b-9b3f-13c9985a6daa,2026-04-22 03:48:00.417947,"{0: 140, 1: 73, 2: 208, 3: 77, 4: 37, 5: 0}",RESTOCK,BOAR,20,ACKED,1776844077.3506682,1776844080.4201663,
120,7fa44c7e-73b7-4c35-b4cc-c459fd9d1b4b,2026-04-22 03:48:07.300322,{},ELECT,,,DONE,1776844087.2953613,,
121,5d6aaf0e-02c9-41dc-a0ff-10e7910af700,2026-04-22 03:48:37.480503,{},ELECT,,,DONE,1776844117.4770036,,
122,9d4647e9-70d5-4886-b932-aa25f2a2bdae,2026-04-22 03:48:37.489621,{},ELECT,,,DONE,1776844117.4855695,,
123,7f368dd5-d16d-4ecb-9e68-762834b80ae0,2026-04-22 03:48:38.608194,{},ELECT,,,DONE,1776844118.606161,,
124,960e0435-ae7d-42de-ad32-5fba32bb3a42,2026-04-22 03:49:18.800187,{},ELECT,,,DONE,1776844148.671249,,
125,48ce1b5e-b4df-4dcd-8189-6c2d4f56dd6b,2026-04-22 03:49:47.507413,"{0: 144, 1: 76, 2: 214, 3: 78, 4: 37, 5: 0}",RESTOCK,SALT,20,ACKED,1776844173.921678,1776844187.5086136,
126,b39a84ff-47aa-495d-8aa8-4ac685249596,2026-04-22 03:49:47.483463,{},ELECT,,,DONE,1776844178.499094,,
127,d4a781d5-f8d4-461a-af96-93c29224dc91,2026-04-22 03:49:47.508613,"{0: 144, 1: 76, 2: 214, 3: 79, 4: 37, 5: 0}",RESTOCK,SALT,20,ACKED,1776844183.9863672,1776844187.5096173,
128,92d7bcef-403f-4102-8918-db6862da7682,2026-04-22 03:49:54.063517,"{0: 147, 1: 77, 2: 217, 3: 80, 4: 37, 5: 0}",RESTOCK,BOAR,20,ACKED,1776844194.0342076,1776844194.0645394,
129,ca1fc09a-cf25-4520-aa03-ec8db35f86d5,2026-04-22 03:50:04.059046,"{0: 149, 1: 78, 2: 220, 3: 81, 4: 37, 5: 0}",RESTOCK,SALT,20,ACKED,1776844204.0510662,1776844204.0602553,
130,acfeaf13-4dd1-4e89-93e6-692ce6c4cd9f,2026-04-22 03:50:14.128219,"{0: 151, 1: 79, 2: 222, 3: 82, 4: 37, 5: 0}",RESTOCK,SALT,20,ACKED,1776844214.1166835,1776844214.1292188,
131,ec679850-2357-49ef-8ba9-a92d062db311,2026-04-22 03:50:24.169248,"{0: 153, 1: 80, 2: 225, 3: 83, 4: 37, 5: 0}",RESTOCK,BOAR,20,ACKED,1776844224.1582294,1776844224.170336,
132,49b839e3-c7d2-41f7-9835-ae8ff0d46c7d,2026-04-22 03:50:34.244317,"{0: 154, 1: 81, 2: 228, 3: 84, 4: 37, 5: 0}",RESTOCK,FISH,20,ACKED,1776844234.2330432,1776844234.2453578,
133,f79ea04b-0f3b-4b46-b5f3-54aaf5ed8f7d,2026-04-22 03:50:57.290289,"{0: 156, 1: 82, 2: 230, 3: 85, 4: 37, 5: 2}",RESTOCK,SALT,20,ACKED,1776844244.3077407,1776844257.291703,
134,7a5513eb-b8b8-45fd-a946-dafd3281ee51,2026-04-22 03:50:57.311133,"{0: 158, 1: 83, 2: 233, 3: 86, 4: 37, 5: 5}",RESTOCK,BOAR,20,ACKED,1776844254.3771677,1776844257.3121636,
135,be4d6ef2-ce0f-4d1b-a1ea-9e10a392f5b6,2026-04-22 03:51:04.474119,"{0: 160, 1: 84, 2: 235, 3: 87, 4: 37, 5: 8}",RESTOCK,BOAR,20,ACKED,1776844264.4639735,1776844264.4755087,
136,a87cd1a0-0782-483d-b368-840b9057aa26,2026-04-22 03:51:14.495920,"{0: 162, 1: 85, 2: 237, 3: 88, 4: 37, 5: 11}",RESTOCK,BOAR,20,ACKED,1776844274.486402,1776844274.496924,
137,760e0735-2f1f-46e4-9e65-38d74cbd5531,2026-04-22 03:51:24.514610,"{0: 163, 1: 86, 2: 240, 3: 89, 4: 37, 5: 15}",RESTOCK,SALT,20,ACKED,1776844284.503177,1776844284.5158422,
138,f12b615f-1793-4f3b-bcb6-478e8b0439e6,2026-04-22 03:51:34.626354,"{0: 165, 1: 87, 2: 242, 3: 90, 4: 37, 5: 18}",RESTOCK,FISH,20,ACKED,1776844294.6094918,1776844294.6287258,
139,e1e62d61-9449-4432-8747-43425a00d2b0,2026-04-22 03:51:44.690753,"{0: 168, 1: 88, 2: 245, 3: 91, 4: 37, 5: 20}",RESTOCK,FISH,20,ACKED,1776844304.6907535,,
140,3704c5e1-d9ae-4909-aeb3-37e95fd68134,2026-04-22 03:51:54.752374,"{0: 169, 1: 89, 2: 248, 3: 92, 4: 37, 5: 22}",RESTOCK,FISH,20,ACKED,1776844314.752375,,
141,3e68d547-3f49-4c66-85ee-6fac1392a057,2026-04-22 03:52:04.806493,"{0: 170, 1: 90, 2: 250, 3: 93, 4: 37, 5: 26}",RESTOCK,SALT,20,ACKED,1776844324.8064938,,
142,5a179dbb-4de4-4115-865a-35e496cb9773,2026-04-22 03:52:40.100970,{},ELECT,,,DONE,1776844333.057563,,
143,0888498a-a453-4ab5-8058-69ce9de6819e,2026-04-22 03:52:25.054877,{},ELECT,,,DONE,1776844334.894004,,
144,e8f553d7-63ed-4c68-8234-30e77867ebe8,2026-04-22 03:53:10.374750,{},ELECT,,,DONE,1776844390.3711948,,
145,9cecc142-8cce-4942-9da2-b9f2ed16a8b2,2026-04-22 03:53:10.500205,"{0: 182, 1: 96, 2: 266, 3: 94, 4: 37, 5: 27}",RESTOCK,SALT,20,ACKED,1776844390.4928074,1776844390.5012372,
146,ed3f3d8d-36cc-4c75-a7ef-eb0a92fd819e,2026-04-22 03:53:20.592173,"{0: 184, 1: 97, 2: 268, 3: 95, 4: 37, 5: 27}",RESTOCK,FISH,20,ACKED,1776844400.5802035,1776844400.5934196,
147,59a5749f-019f-43c4-ad8a-e35f687d6ed0,2026-04-22 03:53:30.629623,"{0: 186, 1: 98, 2: 272, 3: 96, 4: 37, 5: 27}",RESTOCK,BOAR,20,ACKED,1776844410.6175206,1776844410.6306546,
148,3cc7b0a2-24af-451e-b703-4a79f5ab65f9,2026-04-22 03:53:40.662420,"{0: 187, 1: 99, 2: 278, 3: 97, 4: 39, 5: 27}",RESTOCK,BOAR,20,ACKED,1776844420.6554277,1776844420.6638248,
149,49d1fff9-5b0f-4584-a167-416d739d45e8,2026-04-22 03:53:50.730377,"{0: 189, 1: 100, 2: 280, 3: 98, 4: 40, 5: 27}",RESTOCK,SALT,20,ACKED,1776844430.7190003,1776844430.7313805,
150,99f4b66f-50d0-43df-9386-bd904e951fd5,2026-04-22 03:54:00.818058,"{0: 191, 1: 101, 2: 283, 3: 99, 4: 44, 5: 27}",RESTOCK,BOAR,20,ACKED,1776844440.805616,1776844440.819088,
151,f6a5ff71-a7e0-4ca4-ae41-eec0026e10ad,2026-04-22 03:54:10.867956,"{0: 193, 1: 102, 2: 288, 3: 100, 4: 45, 5: 27}",RESTOCK,FISH,20,ACKED,1776844450.856321,1776844450.8693361,
152,534fabfd-85f1-4795-afaa-001c23d461ee,2026-04-22 03:54:20.908286,"{0: 196, 1: 103, 2: 292, 3: 101, 4: 47, 5: 27}",RESTOCK,FISH,20,ACKED,1776844460.8999422,1776844460.9092894,
153,87cd811d-7a6e-4b6b-b2a7-4d96a3c73f66,2026-04-22 03:54:30.926527,"{0: 197, 1: 104, 2: 294, 3: 102, 4: 52, 5: 27}",RESTOCK,BOAR,20,ACKED,1776844470.9145596,1776844470.9275305,
154,a53af8e8-6ddf-4863-a883-6b93abdb3b7f,2026-04-22 03:55:36.855222,"{0: 198, 1: 105, 2: 299, 3: 103, 4: 54, 5: 27}",RESTOCK,SALT,20,ACKED,1776844480.9348788,1776844536.8564396,
155,11f5b07a-eb6a-4a43-8f65-a25ec42c1c58,2026-04-22 03:55:36.857474,"{0: 201, 1: 106, 2: 302, 3: 104, 4: 57, 5: 27}",RESTOCK,FISH,20,ACKED,1776844491.0645633,1776844536.8586469,
156,f7615bc4-2383-45cf-8bc8-ea5d382cd417,2026-04-22 03:55:36.859670,"{0: 202, 1: 107, 2: 306, 3: 105, 4: 59, 5: 27}",RESTOCK,SALT,20,ACKED,1776844501.1104405,1776844536.8609831,
157,eb10b719-b385-41fc-853b-4d2a35a19d2c,2026-04-22 03:55:07.247713,{},ELECT,,,DONE,1776844507.2455728,,
158,02dd6fab-75a4-4ad7-8c20-574ab88a8580,2026-04-22 03:55:13.246587,{},ELECT,,,DONE,1776844512.1352565,,
159,7e554944-97f4-4762-94fc-6db353168e80,2026-04-22 03:55:14.363337,{},ELECT,,,DONE,1776844513.2541206,,
160,8ec89d02-015d-452e-82ef-7beb623e8999,2026-04-22 03:55:36.854199,"{0: 205, 1: 109, 2: 308, 3: 106, 4: 63, 5: 27}",RESTOCK,BOAR,20,ACKED,1776844522.2625604,1776844536.8552222,
161,2897d949-ca7e-4454-851d-f7e80e73e390,2026-04-22 03:55:42.434011,{},ELECT,,,DONE,1776844542.4309533,,
162,9dbee7d8-79c0-4b09-aa07-46ab703c13d5,2026-04-22 03:55:43.546128,{},ELECT,,,DONE,1776844543.5419204,,
163,05aa408d-170a-44a7-979e-08e00102c164,2026-04-22 03:56:13.618001,{},ELECT,,,DONE,1776844573.6137831,,
164,e4621df0-cfd8-4fe4-9fed-37edeb3f6562,2026-04-22 03:56:13.621941,{},ELECT,,,DONE,1776844573.6198974,,
165,c2e9c44c-3e8d-42df-afd9-5bc5d91d1af4,2026-04-22 03:56:48.075515,"{0: 205, 1: 110, 2: 312, 3: 107, 4: 63, 5: 27}",RESTOCK,FISH,20,ACKED,1776844593.768236,1776844608.077568,
166,cffa22d5-df40-4bbc-b536-0a9ffecbf043,2026-04-22 03:56:48.088584,"{0: 208, 1: 111, 2: 314, 3: 108, 4: 63, 5: 27}",RESTOCK,BOAR,20,ACKED,1776844603.8786724,1776844608.0900872,
167,027adb19-dfc5-40d6-8321-bee1f22e1fab,2026-04-22 03:56:54.004227,"{0: 210, 1: 112, 2: 316, 3: 109, 4: 63, 5: 27}",RESTOCK,FISH,20,ACKED,1776844613.9912574,1776844614.0056238,
168,406227cd-b14c-4d4c-b4a3-15d9ae7af5d3,2026-04-22 03:57:04.046786,"{0: 212, 1: 113, 2: 319, 3: 110, 4: 63, 5: 27}",RESTOCK,SALT,20,ACKED,1776844624.0391467,1776844624.0478384,
169,d361d7b9-414f-4c4a-95c0-f28ea9fe75aa,2026-04-22 03:57:14.137191,"{0: 213, 1: 114, 2: 323, 3: 111, 4: 63, 5: 27}",RESTOCK,BOAR,20,ACKED,1776844634.1246412,1776844634.1382413,
170,cf8edfa2-eb35-4f05-8f8f-593f05bcb077,2026-04-22 03:57:24.246757,"{0: 215, 1: 115, 2: 325, 3: 112, 4: 63, 5: 27}",RESTOCK,BOAR,20,ACKED,1776844644.234323,1776844644.247828,
171,6f2905f4-b92f-4c75-92d0-67d648f910f4,2026-04-22 03:58:29.354235,"{0: 217, 1: 116, 2: 328, 3: 113, 4: 63, 5: 27}",RESTOCK,SALT,20,ACKED,1776844654.3275414,1776844709.3552623,
172,ce8cb5c3-b6f6-4602-aca5-c2007c386f47,2026-04-22 03:58:29.356287,"{0: 219, 1: 117, 2: 332, 3: 114, 4: 63, 5: 27}",RESTOCK,FISH,20,ACKED,1776844664.4316845,1776844709.357322,
173,2a5e2bff-ec69-48fb-93f8-6c104b10beb4,2026-04-22 03:58:29.357321,"{0: 220, 1: 118, 2: 337, 3: 115, 4: 63, 5: 27}",RESTOCK,SALT,20,ACKED,1776844674.440395,1776844709.3583484,
174,aa2e8c5c-9998-4d02-961a-3911375f697f,2026-04-22 03:58:03.817669,{},ELECT,,,NEEDS_RESEND,1776844683.8176694,,
175,8a180413-c1a6-431c-8375-11da4961b018,2026-04-22 03:58:13.506111,{},ELECT,,,DONE,1776844684.4975564,,
176,680a96cb-ba62-4a8e-adb6-e996b1daccd6,2026-04-22 03:58:29.352974,"{0: 221, 1: 118, 2: 338, 3: 116, 4: 63, 5: 27}",RESTOCK,BOAR,20,ACKED,1776844693.612288,1776844709.354235,
177,d3272a22-ea8c-45ab-9965-3bf5d172216d,2026-04-22 03:58:36.054864,{},ELECT,,,DONE,1776844716.050369,,
178,55d513b4-d09a-4160-8dc3-d6a98e268b72,2026-04-22 03:58:37.172473,{},ELECT,,,DONE,1776844717.1683114,,
179,b336f20f-14f0-4ee1-abf7-e4640a296a6e,2026-04-22 03:59:06.126271,{},ELECT,,,DONE,1776844746.1222835,,
180,1426f4e8-a22b-4521-8f72-abed769a3994,2026-04-22 03:59:07.247962,{},ELECT,,,DONE,1776844747.2439258,,
181,c4dfa9c1-3567-4b89-aa6a-99a3fe94660e,2026-04-22 03:59:46.072771,"{0: 223, 1: 120, 2: 342, 3: 117, 4: 63, 5: 27}",RESTOCK,BOAR,20,ACKED,1776844771.891643,1776844786.0740223,
182,e9bb716d-caa3-4665-a5a4-1778a9a105cc,2026-04-22 03:59:46.083808,"{0: 225, 1: 121, 2: 344, 3: 118, 4: 63, 5: 27}",RESTOCK,BOAR,20,ACKED,1776844781.929229,1776844786.0858357,
183,cb5738b2-c932-4a48-996c-b519ba7e10ca,2026-04-22 03:59:52.019501,"{0: 229, 1: 122, 2: 348, 3: 119, 4: 63, 5: 27}",RESTOCK,BOAR,20,ACKED,1776844792.0032103,1776844792.020695,
184,fd3ae973-156d-4793-882f-e6f5fb335225,2026-04-22 04:00:02.133056,"{0: 230, 1: 123, 2: 352, 3: 120, 4: 63, 5: 27}",RESTOCK,BOAR,20,ACKED,1776844802.1196795,1776844802.134093,
185,995d967a-5870-47da-8e5b-21aec246afa6,2026-04-22 04:00:12.208539,"{0: 232, 1: 124, 2: 354, 3: 121, 4: 63, 5: 27}",RESTOCK,FISH,20,ACKED,1776844812.199248,1776844812.2096589,
186,f08a9285-0bf2-41d3-90c0-4d6906509819,2026-04-22 04:00:22.219652,"{0: 234, 1: 125, 2: 357, 3: 122, 4: 63, 5: 27}",RESTOCK,SALT,20,ACKED,1776844822.2081113,1776844822.2206788,
187,9a6dd78e-ccfc-4000-9159-4dcb8392432d,2026-04-22 04:01:24.991992,"{0: 235, 1: 126, 2: 360, 3: 123, 4: 63, 5: 27}",RESTOCK,BOAR,20,ACKED,1776844832.2235653,1776844884.9929957,
188,1c3b710e-1ebe-460f-b55f-fa591fcce170,2026-04-22 04:01:24.994018,"{0: 236, 1: 127, 2: 364, 3: 124, 4: 63, 5: 27}",RESTOCK,SALT,20,ACKED,1776844842.3303027,1776844884.9952776,
189,013c3a1a-e7a3-4326-848f-75ddf104f373,2026-04-22 04:01:24.995277,"{0: 238, 1: 128, 2: 367, 3: 125, 4: 63, 5: 27}",RESTOCK,FISH,20,ACKED,1776844852.4191113,1776844884.996782,
190,12bcaafd-c27d-4769-b16f-a5089e93f023,2026-04-22 04:01:01.812853,{},ELECT,,,NEEDS_RESEND,1776844861.8128536,,
191,2bc5850a-0c99-4118-9f56-8e17bb87bb47,2026-04-22 04:01:10.210484,{},ELECT,,,DONE,1776844862.3852303,,
192,d8d5192a-64fb-48f1-89a7-62e25b4e2167,2026-04-22 04:01:24.990969,"{0: 240, 1: 129, 2: 370, 3: 126, 4: 63, 5: 27}",RESTOCK,SALT,20,ACKED,1776844870.4198945,1776844884.991993,
193,881b7a7a-c061-4231-9dc5-0e5ad2eec809,2026-04-22 04:01:34.025333,{},ELECT,,,DONE,1776844894.023146,,
194,50800956-b05a-4ba7-b54f-7e86f558ae5c,2026-04-22 04:01:35.154130,{},ELECT,,,DONE,1776844895.1494021,,
195,1cfcd2bf-510d-489f-b4be-cf46770394d3,2026-04-22 04:02:05.232862,{},ELECT,,,DONE,1776844925.22743,,
196,6b603a2d-8511-445f-bd84-061909f24e9f,2026-04-22 04:02:47.296002,"{0: 240, 1: 130, 2: 372, 3: 127, 4: 63, 5: 27}",RESTOCK,BOAR,20,ACKED,1776844953.1826382,1776844967.297104,
197,e5b6ecf0-4f40-47da-9b83-c10f1b6024ac,2026-04-22 04:02:47.310156,"{0: 244, 1: 131, 2: 374, 3: 128, 4: 63, 5: 27}",RESTOCK,BOAR,20,ACKED,1776844963.210403,1776844967.3116038,
198,b35826f2-1d3e-4b36-b38f-2aa10d4ac06f,2026-04-22 04:02:53.317608,"{0: 246, 1: 132, 2: 378, 3: 129, 4: 63, 5: 27}",RESTOCK,BOAR,20,ACKED,1776844973.3091755,1776844973.3186345,
199,9d44ff51-ee46-4758-b189-8f862dd7b6b3,2026-04-22 04:03:03.396337,"{0: 247, 1: 133, 2: 381, 3: 130, 4: 63, 5: 27}",RESTOCK,BOAR,20,ACKED,1776844983.387991,1776844983.3975914,
200,b588af15-eeaa-4261-9820-7b95dc8169f0,2026-04-22 04:03:13.406610,"{0: 249, 1: 134, 2: 384, 3: 131, 4: 63, 5: 27}",RESTOCK,BOAR,20,ACKED,1776844993.3956127,1776844993.408639,
201,6ad6ce77-6194-454c-b440-09ffe327fef2,2026-04-22 04:03:23.432988,"{0: 251, 1: 135, 2: 387, 3: 132, 4: 63, 5: 27}",RESTOCK,FISH,20,ACKED,1776845003.4197857,1776845003.434236,
202,bc1ff9d4-b9fa-4557-aa81-7fbb45babf23,2026-04-22 04:04:21.727112,"{0: 253, 1: 136, 2: 390, 3: 133, 4: 63, 5: 27}",RESTOCK,SALT,20,ACKED,1776845013.5002928,1776845061.7281613,
203,0d6b562c-609f-4e91-be96-70ce6c42856b,2026-04-22 04:04:21.728161,"{0: 255, 1: 137, 2: 392, 3: 134, 4: 63, 5: 27}",RESTOCK,FISH,20,ACKED,1776845023.580318,1776845061.7291892,
204,8c6021b6-13c2-4b10-a756-9ee2a0f32812,2026-04-22 04:04:21.730217,"{0: 256, 1: 138, 2: 396, 3: 135, 4: 63, 5: 27}",RESTOCK,FISH,20,ACKED,1776845033.6264484,1776845061.7312448,
205,01d5c72b-2bdc-4c1f-bc73-0ab3a54c788f,2026-04-22 04:04:02.980680,{},ELECT,,,NEEDS_RESEND,1776845042.9806802,,
206,784dfd2d-c3dc-4923-86fb-dbbdef1530db,2026-04-22 04:04:07.026632,{},ELECT,,,DONE,1776845043.6760693,,
207,3c2566c1-43f4-48fc-8315-69d98f5fb5ff,2026-04-22 04:04:21.725078,"{0: 259, 1: 138, 2: 399, 3: 136, 4: 63, 5: 27}",RESTOCK,FISH,20,ACKED,1776845047.13857,1776845061.7261097,
208,50b11de4-eb3b-444a-9528-d2277ed26c12,2026-04-22 04:04:33.990589,{},ELECT,,,DONE,1776845073.9690523,,
209,c02edb76-8050-4f7d-9a82-cd9859d21264,2026-04-22 04:04:35.110388,{},ELECT,,,DONE,1776845075.1062608,,
210,0972a460-4468-4d89-a8f2-bd918ab785f8,2026-04-22 04:04:35.112667,{},ELECT,,,DONE,1776845075.107258,,
211,b0a4db7c-4402-46c6-a772-b982f36846bf,2026-04-22 04:05:04.072852,{},ELECT,,,DONE,1776845104.068845,,
212,700c2110-92d2-43ff-8ac3-bb38be7cab8d,2026-04-22 04:05:05.193414,{},ELECT,,,DONE,1776845105.1887836,,
213,a56f5736-6259-4fe7-937d-51d61c3c9f9e,2026-04-22 04:05:44.175245,"{0: 260, 1: 139, 2: 401, 3: 137, 4: 63, 5: 27}",RESTOCK,SALT,20,ACKED,1776845129.841424,1776845144.1776755,
214,4297cc37-9c24-4250-9a44-3be940750fa7,2026-04-22 04:05:44.187440,"{0: 261, 1: 140, 2: 404, 3: 138, 4: 63, 5: 27}",RESTOCK,FISH,20,ACKED,1776845139.9175541,1776845144.1884696,
215,85832b4a-62ab-4d30-ab04-22a5306a9a4b,2026-04-22 04:05:50.047822,"{0: 263, 1: 141, 2: 407, 3: 139, 4: 63, 5: 27}",RESTOCK,FISH,20,ACKED,1776845150.03648,1776845150.0488472,
216,7ad63873-15bb-4c77-bf83-82e137fa25b4,2026-04-22 04:06:00.161110,"{0: 266, 1: 142, 2: 411, 3: 140, 4: 63, 5: 27}",RESTOCK,SALT,20,ACKED,1776845160.1490285,1776845160.162252,
217,e76bade2-f55f-47bc-8994-5c434ea6c1df,2026-04-22 04:06:10.217229,"{0: 269, 1: 143, 2: 413, 3: 141, 4: 63, 5: 27}",RESTOCK,SALT,20,ACKED,1776845170.2038949,1776845170.2187054,
218,3b6fb9ac-148c-4a99-a267-4d66b2fcd4bc,2026-04-22 04:06:20.266343,"{0: 271, 1: 144, 2: 415, 3: 142, 4: 63, 5: 27}",RESTOCK,FISH,20,ACKED,1776845180.2433133,1776845180.2683938,
219,72c496e6-3f4c-476c-a226-8eb9fab59f7d,2026-04-22 04:07:17.416644,"{0: 272, 1: 145, 2: 418, 3: 143, 4: 63, 5: 27}",RESTOCK,BOAR,20,ACKED,1776845190.3175437,1776845237.4176927,
220,6bd02a49-2f1d-4869-9408-1f8276ca67c4,2026-04-22 04:07:17.418863,"{0: 274, 1: 146, 2: 421, 3: 144, 4: 63, 5: 27}",RESTOCK,SALT,20,ACKED,1776845200.4058812,1776845237.4198668,
221,8b93b10e-c401-4ea9-a115-5a3a17d7dd4f,2026-04-22 04:07:17.419867,"{0: 276, 1: 147, 2: 424, 3: 145, 4: 63, 5: 27}",RESTOCK,BOAR,20,ACKED,1776845210.4146402,1776845237.4221258,
222,e31f10a5-0235-4726-876f-4a3aae548e24,2026-04-22 04:07:00.009007,{},ELECT,,,NEEDS_RESEND,1776845220.0090072,,
223,16fb094f-a1cd-4f26-b477-4dba1ae69b2e,2026-04-22 04:07:02.698224,{},ELECT,,,DONE,1776845220.4597235,,
224,0458b83f-707b-467d-aa37-7b50d0125bd4,2026-04-22 04:07:17.415298,"{0: 277, 1: 148, 2: 426, 3: 146, 4: 63, 5: 27}",RESTOCK,SALT,20,ACKED,1776845222.8088748,1776845237.416644,
225,ef89eb7d-4063-4ebf-9d52-0fd5eeac3cc6,2026-04-22 04:07:31.925739,{},ELECT,,,DONE,1776845251.9202743,,
226,fc302cb8-acea-499d-8f29-d35341df68d0,2026-04-22 04:08:01.997499,{},ELECT,,,DONE,1776845281.9920845,,
227,e1b2cfc0-d6e5-40d4-a8c9-598f57f8dac4,2026-04-22 04:08:44.292959,"{0: 278, 1: 149, 2: 429, 3: 147, 4: 63, 5: 27}",RESTOCK,BOAR,20,ACKED,1776845309.9735856,1776845324.294093,
228,1e03f65e-71f7-4702-b1f2-b447759bef52,2026-04-22 04:08:44.303886,"{0: 280, 1: 150, 2: 431, 3: 148, 4: 63, 5: 27}",RESTOCK,BOAR,20,ACKED,1776845320.062224,1776845324.3049152,
229,e3e0c708-3847-4667-977b-ed9813131a68,2026-04-22 04:08:50.128756,"{0: 283, 1: 151, 2: 434, 3: 149, 4: 63, 5: 27}",RESTOCK,SALT,20,ACKED,1776845330.116266,1776845330.1300044,
230,82e9bb26-6c0f-4945-972a-11cdb99bbfa4,2026-04-22 04:09:00.146421,"{0: 285, 1: 152, 2: 437, 3: 150, 4: 63, 5: 27}",RESTOCK,SALT,20,ACKED,1776845340.135805,1776845340.1484776,
231,910b5c14-16b7-4f96-8bb2-75dfbd1c2c82,2026-04-22 04:09:10.177014,"{0: 288, 1: 153, 2: 440, 3: 151, 4: 63, 5: 27}",RESTOCK,SALT,20,ACKED,1776845350.1513007,1776845350.1780996,
232,6c950c6d-0e23-42e5-b8c7-132af7de9bc5,2026-04-22 04:09:20.251448,"{0: 291, 1: 154, 2: 442, 3: 152, 4: 63, 5: 27}",RESTOCK,BOAR,20,ACKED,1776845360.242554,1776845360.2524743,
233,12e85c72-2620-4358-a288-91f3a8c49b0a,2026-04-22 04:10:17.425244,"{0: 294, 1: 155, 2: 446, 3: 153, 4: 63, 5: 27}",RESTOCK,BOAR,20,ACKED,1776845370.368923,1776845417.42636,
234,dfaa38b3-65bc-438b-a625-0800c10c7746,2026-04-22 04:10:17.426359,"{0: 295, 1: 156, 2: 448, 3: 154, 4: 63, 5: 27}",RESTOCK,FISH,20,ACKED,1776845380.4577587,1776845417.427381,
235,d72273a1-fdd5-4b9c-917f-ecd3d8bfe305,2026-04-22 04:10:17.428449,"{0: 296, 1: 157, 2: 451, 3: 155, 4: 63, 5: 27}",RESTOCK,SALT,20,ACKED,1776845390.543048,1776845417.4295692,
236,51c16380-d66a-4914-b85a-34b41bd1ac81,2026-04-22 04:10:00.128571,{},ELECT,,,NEEDS_RESEND,1776845400.1285715,,
237,eb27f672-b610-44f2-ab3d-1834aff80465,2026-04-22 04:10:01.593984,{},ELECT,,,DONE,1776845400.474966,,
238,f361c4e7-25d3-4a09-aae1-0e089bba5c91,2026-04-22 04:10:17.421691,{},ELECT,,,DONE,1776845401.6061003,,
239,79d2e95b-5a6d-49fc-b7cb-961bf9d4ee5a,2026-04-22 04:10:17.423081,"{0: 298, 1: 158, 2: 453, 3: 156, 4: 63, 5: 27}",RESTOCK,SALT,20,ACKED,1776845401.715092,1776845417.4241598,
240,01f11c81-30e0-49dc-9ab1-0fda15f001a5,2026-04-22 04:10:31.903841,{},ELECT,,,DONE,1776845431.8993354,,
241,a3d30129-e349-4a65-9e20-e34d3d6409eb,2026-04-22 04:11:12.080961,{},ELECT,,,DONE,1776845461.9456952,,
242,4c6ae2d3-4978-4719-b933-80a9ff6a5c39,2026-04-22 04:11:37.791745,"{0: 304, 1: 161, 2: 459, 3: 157, 4: 63, 5: 27}",RESTOCK,SALT,20,ACKED,1776845487.2179153,1776845497.7937891,
243,36e235a6-450c-47fd-a4d8-9550bacef675,2026-04-22 04:11:37.807625,"{0: 306, 1: 162, 2: 463, 3: 158, 4: 63, 5: 27}",RESTOCK,BOAR,20,ACKED,1776845497.338347,1776845497.808651,
244,163da1d7-2111-402a-b90f-7fb5d17c456d,2026-04-22 04:11:47.401848,"{0: 307, 1: 163, 2: 466, 3: 159, 4: 63, 5: 27}",RESTOCK,FISH,20,ACKED,1776845507.3876178,1776845507.4028766,
245,796cb8f5-1a3c-46b1-b544-23331ddd4734,2026-04-22 04:11:57.444730,"{0: 308, 1: 164, 2: 468, 3: 160, 4: 63, 5: 27}",RESTOCK,SALT,20,ACKED,1776845517.4337459,1776845517.445878,
246,f9f6292a-3855-4878-9cd5-c824f34332ae,2026-04-22 04:12:07.545329,"{0: 312, 1: 165, 2: 470, 3: 161, 4: 63, 5: 27}",RESTOCK,SALT,20,ACKED,1776845527.5289273,1776845527.5464673,
247,599dce22-e6e4-492d-9f7a-88c6c7c91ab4,2026-04-22 04:12:17.645982,"{0: 314, 1: 166, 2: 473, 3: 162, 4: 63, 5: 27}",RESTOCK,FISH,20,ACKED,1776845537.6361406,1776845537.6470761,
248,be4ccd05-a603-4020-ab02-f666707ba310,2026-04-22 04:12:27.685966,"{0: 316, 1: 167, 2: 475, 3: 163, 4: 63, 5: 27}",RESTOCK,BOAR,20,ACKED,1776845547.6859667,,
249,2ac5e3b3-d113-451d-98f9-049281140d0b,2026-04-22 04:12:37.741240,"{0: 318, 1: 168, 2: 478, 3: 164, 4: 63, 5: 27}",RESTOCK,SALT,20,ACKED,1776845557.7412403,,
250,4a0071f9-d400-4997-8a81-e142654902cd,2026-04-22 04:12:47.784868,"{0: 319, 1: 169, 2: 482, 3: 165, 4: 63, 5: 27}",RESTOCK,BOAR,20,ACKED,1776845567.7848687,,
251,9d6553a4-23d2-4085-accb-4c93acdfc998,2026-04-22 04:12:57.365756,{},ELECT,,,DONE,1776845573.512716,,
252,a640bccc-849f-4f83-a85b-c40271727682,2026-04-22 04:13:10.052825,{},ELECT,,,DONE,1776845579.9113314,,
253,0cf31645-80d6-48e2-9eab-8faf96ab6a2a,2026-04-22 04:13:30.687685,{},ELECT,,,DONE,1776845610.669989,,
254,12cae41e-f888-43aa-b347-202a479d3253,2026-04-22 04:13:31.800246,{},ELECT,,,DONE,1776845611.7952232,,
255,99ebc624-ad87-4ead-a6e7-fe8d8f093590,2026-04-22 04:14:07.805390,"{0: 321, 1: 171, 2: 486, 3: 166, 4: 70, 5: 27}",RESTOCK,FISH,20,ACKED,1776845633.0563285,1776845647.8063872,
256,f18ec675-b22a-4a80-b78e-20c682dbeeaa,2026-04-22 04:14:07.818616,{},ELECT,,,DONE,1776845640.4681768,,
257,28506cd4-987a-4d1a-a518-f2f2a6af4b2d,2026-04-22 04:14:07.848298,"{0: 322, 1: 172, 2: 488, 3: 167, 4: 70, 5: 27}",RESTOCK,SALT,20,ACKED,1776845643.0947967,1776845647.8493006,
258,2134f02f-fd7a-498b-9e09-72e12b643d68,2026-04-22 04:14:13.218928,"{0: 322, 1: 172, 2: 488, 3: 168, 4: 70, 5: 27}",RESTOCK,FISH,20,ACKED,1776845653.2094214,1776845653.2202263,
259,bb330496-1b0f-461d-b60d-76090e04f28a,2026-04-22 04:14:32.359244,"{0: 323, 1: 173, 2: 490, 3: 169, 4: 72, 5: 27}",RESTOCK,FISH,20,ACKED,1776845663.2554698,1776845672.360267,
260,4e8fdcda-bd3a-4531-bbb5-87343589e8c8,2026-04-22 04:14:33.283725,"{0: 325, 1: 174, 2: 493, 3: 170, 4: 73, 5: 27}",RESTOCK,FISH,20,ACKED,1776845673.2734962,1776845673.285011,
261,8b33effc-75be-4372-85b6-a5cb69f6f3d6,2026-04-22 04:14:43.343527,"{0: 327, 1: 175, 2: 496, 3: 171, 4: 75, 5: 27}",RESTOCK,FISH,20,ACKED,1776845683.3316164,1776845683.3445294,
262,8530a72c-c2e2-492d-a644-6d52fd74a07e,2026-04-22 04:14:53.420812,"{0: 329, 1: 176, 2: 501, 3: 172, 4: 77, 5: 27}",RESTOCK,BOAR,20,ACKED,1776845693.408364,1776845693.4218385,
263,8bfdfd2e-32b1-4020-9b4b-3ac3423ebb5a,2026-04-22 04:15:03.489997,"{0: 331, 1: 177, 2: 503, 3: 173, 4: 78, 5: 27}",RESTOCK,BOAR,20,ACKED,1776845703.4798577,1776845703.4914103,
264,24aa4430-d954-4e74-afce-56dec2f69fb6,2026-04-22 04:15:13.588941,"{0: 335, 1: 178, 2: 509, 3: 174, 4: 81, 5: 27}",RESTOCK,FISH,20,ACKED,1776845713.577784,1776845713.5900385,
265,f9ed4012-19f0-40d9-83aa-4e9de52225f5,2026-04-22 04:16:19.605652,"{0: 336, 1: 179, 2: 513, 3: 175, 4: 83, 5: 27}",RESTOCK,BOAR,20,ACKED,1776845723.6633227,1776845779.6070282,
266,8b854bff-d241-43ce-9b94-e2f34edefcd1,2026-04-22 04:16:19.608067,"{0: 338, 1: 180, 2: 515, 3: 176, 4: 85, 5: 27}",RESTOCK,BOAR,20,ACKED,1776845733.713404,1776845779.609095,
267,562561e2-51fa-44f4-b2d9-95b77488e5a4,2026-04-22 04:16:19.609095,"{0: 339, 1: 181, 2: 517, 3: 177, 4: 86, 5: 27}",RESTOCK,SALT,20,ACKED,1776845743.7280383,1776845779.6101105,
268,12c21ac5-fe2a-48d6-9afc-b5d0d482fbfa,2026-04-22 04:15:47.625354,{},ELECT,,,DONE,1776845747.623229,,
269,d35aa2c2-21fd-4ae2-a7f7-b0a3b24f8625,2026-04-22 04:15:48.438346,{},ELECT,,,DONE,1776845748.436352,,
270,43674b4a-13e1-4c9b-b0a3-98ca7c3f4487,2026-04-22 04:15:48.443768,{},ELECT,,,DONE,1776845748.4407136,,
271,3a79d4ad-6d6a-418d-964f-7b64e4fbdaf5,2026-04-22 04:15:48.740234,{},ELECT,,,DONE,1776845748.7365856,,
272,96d501d7-8a7f-4463-b0a7-42ebb7fe2e53,2026-04-22 04:16:19.604652,"{0: 340, 1: 181, 2: 518, 3: 178, 4: 89, 5: 27}",RESTOCK,FISH,20,ACKED,1776845763.8560612,1776845779.6056528,
273,de51582a-dad0-4eb9-b709-0e5b60a9687f,2026-04-22 04:16:19.620548,{},ELECT,,,DONE,1776845779.6131828,,
274,11d26cfd-7fb5-4d21-85df-073d7c28ea6e,2026-04-22 04:16:19.619420,{},ELECT,,,DONE,1776845779.6152341,,
275,a1200ed4-fd63-475d-8d3d-a8000a83190e,2026-04-22 04:16:49.672672,{},ELECT,,,DONE,1776845809.667288,,
276,2ab7bf51-ca06-44cd-b999-8f8f20ba8bb2,2026-04-22 04:16:49.680010,{},ELECT,,,DONE,1776845809.6748316,,
277,7ebd6107-3746-4c49-ba50-094e06850451,2026-04-22 04:17:28.013407,"{0: 341, 1: 182, 2: 520, 3: 179, 4: 89, 5: 27}",RESTOCK,SALT,20,ACKED,1776845833.1805484,1776845848.0145009,
278,4589a9cf-22c7-4cfc-a67c-0cb67506a780,2026-04-22 04:17:28.027506,"{0: 343, 1: 183, 2: 523, 3: 180, 4: 89, 5: 27}",RESTOCK,SALT,20,ACKED,1776845843.281093,1776845848.028509,
279,4ff2e4a2-01e5-47c0-b460-1a3f94143806,2026-04-22 04:17:33.318071,"{0: 344, 1: 184, 2: 526, 3: 181, 4: 89, 5: 27}",RESTOCK,FISH,20,ACKED,1776845853.30703,1776845853.3191373,
280,a944318c-1ca3-40d9-be01-fd1a9b92085e,2026-04-22 04:17:43.394297,"{0: 347, 1: 185, 2: 528, 3: 182, 4: 89, 5: 27}",RESTOCK,BOAR,20,ACKED,1776845863.3797204,1776845863.3953385,
281,a3ced8ef-6549-4456-a05d-7489478d2056,2026-04-22 04:17:53.491353,"{0: 348, 1: 186, 2: 530, 3: 183, 4: 89, 5: 27}",RESTOCK,BOAR,20,ACKED,1776845873.460176,1776845873.492448,
282,1a9c9320-6412-42f4-b470-4aa3300d23dd,2026-04-22 04:18:03.566091,"{0: 350, 1: 187, 2: 532, 3: 184, 4: 89, 5: 27}",RESTOCK,BOAR,20,ACKED,1776845883.552174,1776845883.567089,
283,ec133073-b558-446c-b5ce-399d784e4473,2026-04-22 04:18:13.631386,"{0: 353, 1: 188, 2: 535, 3: 185, 4: 89, 5: 27}",RESTOCK,FISH,20,ACKED,1776845893.6313865,,
284,7a76cbc9-0cbf-4a0a-a15a-5383cd258903,2026-04-22 04:18:23.691563,"{0: 355, 1: 189, 2: 537, 3: 186, 4: 89, 5: 27}",RESTOCK,BOAR,20,ACKED,1776845903.6915634,,
285,7f587eca-cc72-4e15-b3c6-13224f9c3ff8,2026-04-22 04:18:33.701504,"{0: 356, 1: 190, 2: 540, 3: 187, 4: 89, 5: 27}",RESTOCK,SALT,20,ACKED,1776845913.701504,,
286,8c04e7dc-4d14-49f8-bbd5-ac0d5af3ed6a,2026-04-22 04:18:53.902355,{},ELECT,,,DONE,1776845923.7759438,,
287,a14f3a17-652b-40b1-8961-ee9417af304a,2026-04-22 04:19:14.533229,"{0: 362, 1: 192, 2: 546, 3: 188, 4: 89, 5: 27}",RESTOCK,SALT,20,ACKED,1776845949.0531068,1776845954.534744,
288,55ba1d4b-656e-4653-ac87-2fddbe63a919,2026-04-22 04:19:16.353895,{},ELECT,,,DONE,1776845956.3507009,,
289,2fb43bb8-e334-4922-93c8-107029a59cf5,2026-04-22 04:19:16.886764,{},ELECT,,,DONE,1776845956.8826547,,
290,e16dcb37-d569-4289-bf6f-a0d56032681f,2026-04-22 04:19:17.481519,{},ELECT,,,DONE,1776845957.4699225,,
291,359104fb-c576-4965-9926-569cdd89e652,2026-04-22 04:19:19.140328,"{0: 362, 1: 192, 2: 546, 3: 189, 4: 89, 5: 27}",RESTOCK,BOAR,20,ACKED,1776845959.1195707,1776845959.1413534,
292,68f53ad3-ac2a-4167-ac73-2a9b296d6079,2026-04-22 04:19:29.217374,"{0: 362, 1: 192, 2: 546, 3: 190, 4: 89, 5: 27}",RESTOCK,SALT,20,ACKED,1776845969.2037668,1776845969.218501,
293,8cd00331-cd6f-471f-b10c-49e1b7b151da,2026-04-22 04:19:39.300809,"{0: 362, 1: 192, 2: 546, 3: 191, 4: 89, 5: 27}",RESTOCK,FISH,20,ACKED,1776845979.2579682,1776845979.3018355,
294,000f4c2d-1745-4cb5-93d4-757db2e1d0c9,2026-04-22 04:19:47.178798,{},ELECT,,,DONE,1776845987.1766348,,
295,a39d766c-9624-48e5-bc57-6fd784d32e4f,2026-04-22 04:19:47.529965,{},ELECT,,,DONE,1776845987.5262523,,
296,db237d9a-28bd-4f5e-ad12-448af021cfdf,2026-04-22 04:19:49.288284,"{0: 362, 1: 192, 2: 546, 3: 192, 4: 89, 5: 27}",RESTOCK,SALT,20,ACKED,1776845989.2773747,1776845989.2895584,
297,a8d5e4e9-9800-4472-8d93-0a0873f2ba9d,2026-04-22 04:19:59.348038,"{0: 362, 1: 192, 2: 546, 3: 193, 4: 89, 5: 27}",RESTOCK,BOAR,20,ACKED,1776845999.3204393,1776845999.349297,
298,2fb05345-c6c4-4704-8437-40a085d43ea6,2026-04-22 04:20:20.314779,"{0: 363, 1: 193, 2: 549, 3: 194, 4: 89, 5: 27}",RESTOCK,SALT,20,ACKED,1776846009.4597282,1776846020.3173187,
299,274d6e83-2de3-4a28-a7d5-849c9250f8e7,2026-04-22 04:20:20.325751,"{0: 364, 1: 194, 2: 551, 3: 195, 4: 89, 5: 27}",RESTOCK,FISH,20,ACKED,1776846019.511231,1776846020.3277514,
300,1ee1336a-1f99-4f96-b8fc-48404a14477f,2026-04-22 04:20:29.624161,"{0: 366, 1: 195, 2: 555, 3: 196, 4: 89, 5: 27}",RESTOCK,SALT,20,ACKED,1776846029.6112866,1776846029.6252067,
301,ace41535-96d3-4bc7-a976-924f89492b0a,2026-04-22 04:20:39.651615,"{0: 367, 1: 196, 2: 559, 3: 197, 4: 89, 5: 27}",RESTOCK,BOAR,20,ACKED,1776846039.639649,1776846039.652746,
302,e1ee1241-0c7e-4d07-8c34-ff0c0693985b,2026-04-22 04:20:49.697170,"{0: 369, 1: 197, 2: 561, 3: 198, 4: 89, 5: 27}",RESTOCK,BOAR,20,ACKED,1776846049.6784923,1776846049.6982074,
303,3e171c36-4d9d-4c74-8ac9-5bbdfc5ff66c,2026-04-22 04:20:59.710311,"{0: 371, 1: 198, 2: 564, 3: 199, 4: 89, 5: 27}",RESTOCK,SALT,20,ACKED,1776846059.697027,1776846059.7123113,
304,12fa6f75-5f7e-4a31-b4ed-5b2f3cb0f94c,2026-04-22 04:21:09.704222,"{0: 373, 1: 199, 2: 568, 3: 200, 4: 89, 5: 27}",RESTOCK,SALT,20,ACKED,1776846069.7042222,,
305,ba3cd750-d1fc-4201-8a36-08431e4de7ae,2026-04-22 04:21:19.727271,"{0: 376, 1: 200, 2: 570, 3: 201, 4: 89, 5: 27}",RESTOCK,BOAR,20,ACKED,1776846079.7272718,,
306,173b1459-913e-4ebd-ac5d-ca5720ac2ec9,2026-04-22 04:21:29.751226,"{0: 378, 1: 201, 2: 574, 3: 202, 4: 89, 5: 27}",RESTOCK,BOAR,20,ACKED,1776846089.751227,,
307,b2cd6d4e-d2c4-40d9-ac37-e0c07354f37a,2026-04-22 04:21:35.971603,{},ELECT,,,NEEDS_RESEND,1776846095.9716032,,
308,3d0c7268-fece-48bf-9a80-0dd90031a9f0,2026-04-22 04:21:39.795034,"{0: 379, 1: 202, 2: 577, 3: 203, 4: 89, 5: 27}",RESTOCK,FISH,20,ACKED,1776846099.7950342,,
309,74e5c195-eb46-4804-8751-44ce75453edd,2026-04-22 04:21:50.076377,{},ELECT,,,DONE,1776846099.9311395,,
310,1f698b76-ddae-47fa-9a67-ea8cf9beaaf0,2026-04-22 04:22:10.237041,"{0: 381, 1: 203, 2: 579, 3: 204, 4: 89, 5: 27}",RESTOCK,BOAR,20,ACKED,1776846125.2275386,1776846130.2380948,
311,2194f247-f201-4a83-80e7-dec82cc48809,2026-04-22 04:22:10.195263,{},ELECT,,,DONE,1776846128.7682803,,
312,73f08f1e-c943-44ff-a95a-91ef38bbd652,2026-04-22 04:22:15.350239,"{0: 381, 1: 203, 2: 579, 3: 205, 4: 89, 5: 27}",RESTOCK,BOAR,20,ACKED,1776846135.3250556,1776846135.3512628,
313,7a055be0-3aeb-4b8c-a81f-8ca1b9915ef0,2026-04-22 04:22:25.402029,"{0: 381, 1: 203, 2: 579, 3: 206, 4: 89, 5: 27}",RESTOCK,SALT,20,ACKED,1776846145.3749568,1776846145.4030778,
314,ead97a57-68a1-4f5b-b7de-292271fc93f3,2026-04-22 04:22:35.505460,"{0: 381, 1: 203, 2: 579, 3: 207, 4: 89, 5: 27}",RESTOCK,FISH,20,ACKED,1776846155.49249,1776846155.506487,
315,2029a275-3c39-4c17-b4a7-31e66819d9b4,2026-04-22 04:22:38.956496,{},ELECT,,,DONE,1776846158.9531832,,
316,9ee4bfec-e778-4b42-b1b4-03896678e127,2026-04-22 04:22:38.962648,{},ELECT,,,DONE,1776846158.9596121,,
317,4a867c9f-5b8c-40d3-afc1-98c2026b0a55,2026-04-22 04:22:38.967265,{},ELECT,,,DONE,1776846158.9649186,,
318,3ae62a6b-8263-4d4d-9459-76de62c97a8a,2026-04-22 04:22:45.627324,"{0: 381, 1: 203, 2: 579, 3: 208, 4: 89, 5: 27}",RESTOCK,SALT,20,ACKED,1776846165.6129103,1776846165.62852,
319,78c4df6b-eb26-4958-927b-cf61d0e86652,2026-04-22 04:23:26.114239,"{0: 381, 1: 203, 2: 579, 3: 209, 4: 89, 5: 27}",RESTOCK,SALT,20,ACKED,1776846175.72184,1776846206.1153324,
320,37b6074c-b699-4283-9c7c-69de497d9eb2,2026-04-22 04:23:12.709695,"{0: 383, 1: 204, 2: 582, 3: 210, 4: 89, 5: 27}",RESTOCK,BOAR,20,ACKED,1776846185.77993,1776846192.7109232,
321,ca7c9784-6864-4c76-8cc6-206e86e41894,2026-04-22 04:23:15.807988,"{0: 386, 1: 205, 2: 586, 3: 211, 4: 89, 5: 27}",RESTOCK,FISH,20,ACKED,1776846195.7964644,1776846195.809013,
322,7e0736c4-584b-4dbb-bdb9-ee72d2ce070e,2026-04-22 04:23:25.838284,"{0: 388, 1: 206, 2: 589, 3: 212, 4: 89, 5: 27}",RESTOCK,FISH,20,ACKED,1776846205.8176513,1776846205.8392868,
323,0c4b7b1f-34df-4ca3-a859-629269f0365d,2026-04-22 04:23:25.972894,{},ELECT,,,DONE,1776846205.943683,,
324,7bc51c41-a116-4f01-9b27-5beb18c4931c,2026-04-22 04:23:35.963154,"{0: 390, 1: 207, 2: 593, 3: 213, 4: 89, 5: 27}",RESTOCK,BOAR,20,ACKED,1776846215.9496086,1776846215.9641564,
325,44d96653-2603-4a8a-b918-7b1feb3c65a9,2026-04-22 04:23:46.074541,"{0: 391, 1: 208, 2: 597, 3: 214, 4: 89, 5: 27}",RESTOCK,FISH,20,ACKED,1776846226.060635,1776846226.0755682,
326,14fd59c0-8f5f-485c-bde4-ca7afce52882,2026-04-22 04:23:56.123473,"{0: 394, 1: 209, 2: 599, 3: 215, 4: 89, 5: 27}",RESTOCK,SALT,20,ACKED,1776846236.1081345,1776846236.1246192,
327,7a0c7b06-7007-4adf-901b-2a0525ed3493,2026-04-22 04:24:06.246158,"{0: 396, 1: 210, 2: 604, 3: 216, 4: 89, 5: 27}",RESTOCK,FISH,20,ACKED,1776846246.211555,1776846246.2471838,
328,fb15a0e6-66a1-49a5-9650-1e22acb78781,2026-04-22 04:24:16.323935,"{0: 397, 1: 211, 2: 607, 3: 217, 4: 89, 5: 27}",RESTOCK,BOAR,20,ACKED,1776846256.3102064,1776846256.324988,
329,c5456151-a892-44d8-bb74-a3c8be0c3961,2026-04-22 04:24:26.345189,"{0: 398, 1: 212, 2: 611, 3: 218, 4: 89, 5: 27}",RESTOCK,SALT,20,ACKED,1776846266.3451898,,
330,0b0a4a08-0f56-40e8-bd70-a2a2c5b508b9,2026-04-22 04:24:36.395329,"{0: 399, 1: 213, 2: 614, 3: 219, 4: 89, 5: 27}",RESTOCK,SALT,20,ACKED,1776846276.395329,,
331,4c7a2b59-83df-4eb9-afcc-20e359f55fee,2026-04-22 04:24:46.520071,"{0: 400, 1: 214, 2: 616, 3: 220, 4: 89, 5: 27}",RESTOCK,BOAR,20,ACKED,1776846286.5200713,,
332,74aa7c70-300c-4cfd-8793-5cb171f86ee8,2026-04-22 04:25:06.536415,{},ELECT,,,DONE,1776846296.5204651,,
333,d03f4d47-438d-472c-90b4-0311ce19903a,2026-04-22 04:25:32.181626,{},ELECT,,,DONE,1776846332.1785266,,
334,7a89f2f7-9c72-4b2f-853c-a6c86df79f7a,2026-04-22 04:25:33.309315,{},ELECT,,,DONE,1776846333.3048522,,
335,1f57e5e9-81d6-47de-bdfc-2c8d9fa2bf85,2026-04-22 04:26:12.400493,{},ELECT,,,DONE,1776846362.2576227,,
336,16c91000-0263-469e-aa78-a046ee4dc914,2026-04-22 04:26:37.844275,"{0: 405, 1: 217, 2: 623, 3: 221, 4: 89, 5: 27}",RESTOCK,SALT,20,ACKED,1776846387.550381,1776846397.8452873,
337,1b98afe4-0bb2-4e9b-b975-64e6fe2bf9ae,2026-04-22 04:26:37.799459,{},ELECT,,,DONE,1776846393.2287467,,
338,64861633-311b-4354-aea1-bb40cd57178a,2026-04-22 04:26:37.846651,"{0: 405, 1: 217, 2: 623, 3: 222, 4: 89, 5: 27}",RESTOCK,FISH,20,ACKED,1776846397.5899656,1776846397.8476985,
339,6c20c0f2-249b-4a30-bbe4-12ddff97804b,2026-04-22 04:26:47.701089,"{0: 409, 1: 218, 2: 626, 3: 223, 4: 89, 5: 27}",RESTOCK,BOAR,20,ACKED,1776846407.6888406,1776846407.7021275,
340,92c48db6-9e98-467e-9ba4-6ec48428170a,2026-04-22 04:26:57.758928,"{0: 411, 1: 219, 2: 628, 3: 224, 4: 89, 5: 27}",RESTOCK,SALT,20,ACKED,1776846417.7452886,1776846417.7599547,
341,7b0e1cc7-0deb-4a4b-bc25-147ceb756c83,2026-04-22 04:27:07.819359,"{0: 412, 1: 220, 2: 630, 3: 225, 4: 89, 5: 27}",RESTOCK,FISH,20,ACKED,1776846427.807415,1776846427.8213534,
342,26edae9d-d234-4d80-8d92-72858b2d83c5,2026-04-22 04:27:17.993095,"{0: 414, 1: 221, 2: 633, 3: 226, 4: 89, 5: 27}",RESTOCK,SALT,20,ACKED,1776846437.9304433,1776846437.995428,
343,25ca5dbe-8e83-4381-b210-9fd1f6b3bf40,2026-04-22 04:27:28.049372,"{0: 416, 1: 222, 2: 636, 3: 227, 4: 89, 5: 27}",RESTOCK,BOAR,20,ACKED,1776846448.034655,1776846448.0504198,
344,657a67c3-7a81-4ee0-bbeb-3e9b5eea71d6,2026-04-22 04:27:38.065163,"{0: 417, 1: 223, 2: 639, 3: 228, 4: 89, 5: 27}",RESTOCK,BOAR,20,ACKED,1776846458.0651636,,
345,55041339-2f98-4e65-b365-500ef777e28b,2026-04-22 04:28:00.352163,"{0: 420, 1: 224, 2: 642, 3: 229, 4: 89, 5: 27}",RESTOCK,FISH,20,ACKED,1776846468.141788,1776846480.3532739,
346,40aaa903-ba5d-42fe-ad3c-4378b8dcc879,2026-04-22 04:28:00.365454,"{0: 421, 1: 225, 2: 645, 3: 230, 4: 89, 5: 27}",RESTOCK,SALT,20,ACKED,1776846478.2086282,1776846480.3664758,
347,5c7f80f1-cae2-4604-93da-c149e7273c80,2026-04-22 04:28:08.297988,{},ELECT,,,DONE,1776846488.2948854,,
348,c658a536-ce4f-4f1b-bfd9-236d94463d48,2026-04-22 04:28:09.441612,{},ELECT,,,DONE,1776846489.4041488,,
349,306b3d7b-b300-4fcb-a1d0-203374054bc3,2026-04-22 04:28:10.635893,{},ELECT,,,DONE,1776846490.631325,,
350,24a20796-4d82-4c32-8af1-b8ada88b48b7,2026-04-22 04:28:39.557896,{},ELECT,,,DONE,1776846519.5547857,,
351,98c6d896-e4e9-4224-84e9-d48a2bb1a788,2026-04-22 04:28:40.675237,{},ELECT,,,DONE,1776846520.6700199,,
352,252f1683-519c-416e-bbdf-8fa9a0131ca2,2026-04-22 04:29:20.865603,{},ELECT,,,DONE,1776846550.744543,,
353,e9dc2558-59e1-4b71-8ee6-563d0988545a,2026-04-22 04:29:44.026396,"{0: 425, 1: 227, 2: 653, 3: 231, 4: 89, 5: 27}",RESTOCK,SALT,20,ACKED,1776846576.0131063,1776846584.02788,
354,8f5ce343-1543-4c77-9f07-1067520f2f0d,2026-04-22 04:29:44.001627,{},ELECT,,,DONE,1776846580.4799309,,
355,1d913950-f69c-4522-8a7f-6241ea5f7958,2026-04-22 04:29:46.086961,"{0: 426, 1: 228, 2: 655, 3: 232, 4: 89, 5: 27}",RESTOCK,FISH,20,ACKED,1776846586.0750175,1776846586.088264,
356,b98420f2-adcd-45e5-bf6b-6c095ee8a63a,2026-04-22 04:29:56.102939,"{0: 427, 1: 229, 2: 658, 3: 233, 4: 89, 5: 27}",RESTOCK,BOAR,20,ACKED,1776846596.0900276,1776846596.1040874,
357,fef868ec-b408-47f9-92e1-3bbf60dfe56e,2026-04-22 04:30:06.144502,"{0: 428, 1: 230, 2: 661, 3: 234, 4: 89, 5: 27}",RESTOCK,FISH,20,ACKED,1776846606.1325345,1776846606.1459029,
358,047aadac-1159-41df-a5bd-6e6a3e229621,2026-04-22 04:30:16.235267,"{0: 432, 1: 231, 2: 663, 3: 235, 4: 89, 5: 27}",RESTOCK,BOAR,20,ACKED,1776846616.2093809,1776846616.2376547,
359,f74cbcfb-efe7-4cbc-851b-9ca257f5f75f,2026-04-22 04:30:26.261599,"{0: 434, 1: 232, 2: 665, 3: 236, 4: 89, 5: 27}",RESTOCK,FISH,20,ACKED,1776846626.2333846,1776846626.2625992,
360,c0755482-2218-4d71-b309-110b20af873a,2026-04-22 04:30:36.322386,"{0: 437, 1: 233, 2: 669, 3: 237, 4: 89, 5: 27}",RESTOCK,SALT,20,ACKED,1776846636.2974412,1776846636.323479,
361,3bcc2784-734d-4132-8afb-23ba3799b2ca,2026-04-22 04:30:53.727781,"{0: 440, 1: 234, 2: 671, 3: 238, 4: 89, 5: 31}",RESTOCK,SALT,20,ACKED,1776846646.3242314,1776846653.7289348,
362,efc072a1-37bf-4769-8e75-f6031c06dc13,2026-04-22 04:30:56.468698,"{0: 442, 1: 235, 2: 674, 3: 239, 4: 89, 5: 35}",RESTOCK,BOAR,20,ACKED,1776846656.45562,1776846656.469894,
363,160a70af-f999-4e50-b094-0efe21153dc3,2026-04-22 04:31:06.525316,"{0: 443, 1: 236, 2: 676, 3: 240, 4: 89, 5: 37}",RESTOCK,SALT,20,ACKED,1776846666.5123513,1776846666.5263138,
364,0f9cc59d-a812-4128-bd69-01e640a6ed91,2026-04-22 04:31:16.597886,"{0: 446, 1: 237, 2: 679, 3: 241, 4: 89, 5: 42}",RESTOCK,FISH,20,ACKED,1776846676.557891,1776846676.5989878,
365,3d47a8e9-497e-4c17-bf66-1ea5f2cd2efe,2026-04-22 04:31:26.642499,"{0: 449, 1: 238, 2: 682, 3: 242, 4: 89, 5: 44}",RESTOCK,SALT,20,ACKED,1776846686.6029918,1776846686.643692,
366,004a6dce-ed6c-4ec4-bea0-7bb279cf06d1,2026-04-22 04:31:36.668944,"{0: 451, 1: 239, 2: 685, 3: 243, 4: 89, 5: 46}",RESTOCK,SALT,20,ACKED,1776846696.6559668,1776846696.670157,
367,2314c9c4-c29a-4c8b-888d-b7eceaccb67f,2026-04-22 04:32:40.276674,"{0: 454, 1: 240, 2: 687, 3: 244, 4: 89, 5: 48}",RESTOCK,BOAR,20,ACKED,1776846706.7471433,1776846760.2776723,
368,8dafa26c-099d-4052-947b-684af06e688f,2026-04-22 04:32:40.277672,"{0: 457, 1: 241, 2: 690, 3: 245, 4: 89, 5: 51}",RESTOCK,SALT,20,ACKED,1776846716.8947556,1776846760.2791107,
369,59e4dc1b-c6d2-4f0d-8d09-62e077916cbe,2026-04-22 04:32:40.280112,"{0: 458, 1: 242, 2: 692, 3: 246, 4: 89, 5: 54}",RESTOCK,SALT,20,ACKED,1776846726.987469,1776846760.281302,
370,54960f18-d043-4091-962e-4a669e4ff146,2026-04-22 04:32:09.205781,{},ELECT,,,DONE,1776846729.203714,,
371,75cdf0c0-c02b-4026-99ed-fdbcce77cfd7,2026-04-22 04:32:09.214718,{},ELECT,,,DONE,1776846729.2125158,,
372,b9330e30-9981-43ab-a235-0a2749694443,2026-04-22 04:32:09.224982,{},ELECT,,,DONE,1776846729.2214344,,
373,f17715f9-df67-48c3-9d2e-ad8b422ab22f,2026-04-22 04:32:40.126527,{},ELECT,,,DONE,1776846760.1150675,,
374,125d2126-b0bc-4fce-a503-6acb9c3fe8ae,2026-04-22 04:32:40.274530,"{0: 465, 1: 243, 2: 695, 3: 247, 4: 89, 5: 54}",RESTOCK,FISH,20,ACKED,1776846760.2313175,1776846760.275667,
375,37fe9e4e-dcef-43d8-9a6e-ec34276c27af,2026-04-22 04:32:50.336763,"{0: 467, 1: 244, 2: 697, 3: 248, 4: 89, 5: 54}",RESTOCK,FISH,20,ACKED,1776846770.3237672,1776846770.3377948,
376,754d6771-f8fd-4937-b06d-a4b65bbf8bad,2026-04-22 04:33:00.359354,"{0: 469, 1: 245, 2: 700, 3: 249, 4: 89, 5: 54}",RESTOCK,BOAR,20,ACKED,1776846780.34639,1776846780.3607852,
377,c90372e8-06e7-40cc-9982-c0e003c0ee2d,2026-04-22 04:33:10.394024,"{0: 470, 1: 246, 2: 703, 3: 250, 4: 89, 5: 54}",RESTOCK,BOAR,20,ACKED,1776846790.3807719,1776846790.3955336,
378,a40f52d3-6538-4a7a-9918-010f581b964b,2026-04-22 04:33:20.486324,"{0: 472, 1: 247, 2: 706, 3: 251, 4: 89, 5: 54}",RESTOCK,FISH,20,ACKED,1776846800.4725199,1776846800.4876754,
379,24072a77-2e25-4b24-a5e7-875b192c9cd8,2026-04-22 04:33:30.603361,"{0: 474, 1: 248, 2: 708, 3: 252, 4: 89, 5: 54}",RESTOCK,FISH,20,ACKED,1776846810.5898414,1776846810.6047788,
380,68f78e03-731a-4dcd-b3e8-3d71af5bd0ff,2026-04-22 04:33:40.677829,"{0: 476, 1: 249, 2: 710, 3: 253, 4: 92, 5: 54}",RESTOCK,SALT,20,ACKED,1776846820.6645813,1776846820.678832,
381,ae0ae6cb-f821-4a79-aa3d-d9c475841f57,2026-04-22 04:33:50.772433,"{0: 480, 1: 250, 2: 713, 3: 254, 4: 94, 5: 54}",RESTOCK,FISH,20,ACKED,1776846830.7586336,1776846830.7736878,
382,0e9a2040-5522-4705-aaf2-e46232b6cbbf,2026-04-22 04:34:00.838325,"{0: 481, 1: 251, 2: 716, 3: 255, 4: 97, 5: 54}",RESTOCK,BOAR,20,ACKED,1776846840.825169,1776846840.8398046,
383,4a1e1cd5-84c1-4f57-8b12-103b29b7766f,2026-04-22 04:34:10.862921,"{0: 484, 1: 252, 2: 718, 3: 256, 4: 98, 5: 54}",RESTOCK,FISH,20,ACKED,1776846850.8498523,1776846850.863947,
384,1ddfd4d7-24cf-40ea-8805-802979be51a1,2026-04-22 04:34:20.902261,"{0: 486, 1: 253, 2: 722, 3: 257, 4: 99, 5: 54}",RESTOCK,SALT,20,ACKED,1776846860.8892539,1776846860.9032853,
385,f9f92862-75dc-412a-a158-89e282222715,2026-04-22 04:34:30.952835,"{0: 489, 1: 254, 2: 725, 3: 258, 4: 102, 5: 54}",RESTOCK,SALT,20,ACKED,1776846870.938655,1776846870.9541485,
386,bb19ede3-a368-4134-9635-650541dbd4ac,2026-04-22 04:35:29.257053,"{0: 491, 1: 255, 2: 727, 3: 259, 4: 105, 5: 54}",RESTOCK,SALT,20,ACKED,1776846880.997659,1776846929.2580502,
387,f7e66287-2792-48fa-b3b9-5b092f178f65,2026-04-22 04:35:29.259049,"{0: 492, 1: 256, 2: 731, 3: 260, 4: 106, 5: 54}",RESTOCK,BOAR,20,ACKED,1776846891.059347,1776846929.2600448,
388,c10c9192-3f36-421e-befe-bd61ae1ff8b5,2026-04-22 04:35:29.260044,"{0: 494, 1: 257, 2: 734, 3: 261, 4: 107, 5: 54}",RESTOCK,SALT,20,ACKED,1776846901.1703393,1776846929.261042,
389,1018d8bd-f296-42e7-a99d-8104a7d45deb,2026-04-22 04:35:07.220560,{},ELECT,,,DONE,1776846906.2528067,,
390,e5ebd9f6-454c-47b6-81e6-fd17dec86959,2026-04-22 04:35:09.449698,{},ELECT,,,DONE,1776846908.8916166,,
391,23eca32a-8e74-4002-a86e-0c2909758c74,2026-04-22 04:35:10.569412,{},ELECT,,,DONE,1776846909.6132736,,
392,fc0c28cd-0cc9-43c3-b2bf-f11b3c333bd0,2026-04-22 04:35:29.255052,"{0: 496, 1: 257, 2: 737, 3: 262, 4: 107, 5: 54}",RESTOCK,SALT,20,ACKED,1776846914.5421712,1776846929.256059,
393,36137e8f-775d-4a8b-a344-c5b166190362,2026-04-22 04:35:40.380669,{},ELECT,,,DONE,1776846940.3750863,,
394,5ac34c20-0ec9-46fe-9c54-20857e6facdb,2026-04-22 04:36:10.452937,{},ELECT,,,DONE,1776846970.447724,,
395,cca77212-fc5b-4b5d-bdae-5ff678ac115a,2026-04-22 04:36:48.066512,"{0: 498, 1: 259, 2: 739, 3: 263, 4: 107, 5: 54}",RESTOCK,SALT,20,ACKED,1776846993.9340672,1776847008.0677514,
396,9597cfcd-a6d3-44c8-a131-04f82463f58d,2026-04-22 04:36:48.077791,"{0: 499, 1: 260, 2: 741, 3: 264, 4: 107, 5: 54}",RESTOCK,SALT,20,ACKED,1776847004.0415955,1776847008.078815,
397,c50e72d6-e283-4a60-8d62-8b742bc82c21,2026-04-22 04:36:54.092771,"{0: 501, 1: 261, 2: 745, 3: 265, 4: 107, 5: 54}",RESTOCK,BOAR,20,ACKED,1776847014.0784693,1776847014.0949292,
398,289ca991-1b01-44da-ac80-304845a1107d,2026-04-22 04:37:04.159284,"{0: 504, 1: 262, 2: 749, 3: 266, 4: 107, 5: 54}",RESTOCK,SALT,20,ACKED,1776847024.1449184,1776847024.1607947,
399,aed5338e-c1f3-4e79-868d-df637efb53a0,2026-04-22 04:37:14.229943,"{0: 506, 1: 263, 2: 751, 3: 267, 4: 107, 5: 54}",RESTOCK,FISH,20,ACKED,1776847034.2151957,1776847034.2309744,
400,f9ae6a3f-39fb-4a50-81df-b3c32c2897cb,2026-04-22 04:37:24.296444,"{0: 508, 1: 264, 2: 755, 3: 268, 4: 107, 5: 54}",RESTOCK,SALT,20,ACKED,1776847044.2706912,1776847044.2974784,
401,ef269ed0-2599-410d-85f4-8fc7c852532a,2026-04-22 04:38:22.747594,"{0: 511, 1: 265, 2: 758, 3: 269, 4: 107, 5: 54}",RESTOCK,SALT,20,ACKED,1776847054.3486824,1776847102.7496638,
402,e05ccf97-c8ee-426a-92fd-aa6e184a1468,2026-04-22 04:38:22.748623,"{0: 514, 1: 266, 2: 761, 3: 270, 4: 107, 5: 54}",RESTOCK,SALT,20,ACKED,1776847064.450387,1776847102.7517626,
403,489da4f6-91f5-499b-8b3a-f0c8260e3e7a,2026-04-22 04:38:22.750680,"{0: 517, 1: 267, 2: 764, 3: 271, 4: 107, 5: 54}",RESTOCK,BOAR,20,ACKED,1776847074.506866,1776847102.7527888,
404,08884f9f-91d5-4459-bc1b-b8cd38a4e728,2026-04-22 04:38:03.549499,{},ELECT,,,NEEDS_RESEND,1776847083.5495,,
405,b761e004-aded-46bf-bb63-14fc00f377ae,2026-04-22 04:38:07.910402,{},ELECT,,,DONE,1776847084.56153,,
406,d260ccf1-2495-4379-94fb-ffbc735c4289,2026-04-22 04:38:22.743800,"{0: 519, 1: 267, 2: 765, 3: 272, 4: 107, 5: 54}",RESTOCK,FISH,20,ACKED,1776847088.0214012,1776847102.7462711,
407,8678b730-0141-400d-9e73-dd73b33556e1,2026-04-22 04:38:34.999826,{},ELECT,,,DONE,1776847114.986901,,
408,b8541435-867f-4df9-99c4-3e4987ce8a4b,2026-04-22 04:39:05.036860,{},ELECT,,,DONE,1776847145.0317025,,
409,71b97384-07e1-4b88-80c6-d5a0678b681c,2026-04-22 04:39:05.041735,{},ELECT,,,DONE,1776847145.039176,,
410,aa64734a-56c8-4e97-a97e-369623537ac4,2026-04-22 04:39:47.996654,"{0: 520, 1: 268, 2: 767, 3: 273, 4: 107, 5: 54}",RESTOCK,FISH,20,ACKED,1776847173.0731223,1776847187.9987357,
411,3fb94253-87be-4cfa-8f91-b853ccca094b,2026-04-22 04:39:48.016393,"{0: 522, 1: 269, 2: 771, 3: 274, 4: 107, 5: 54}",RESTOCK,BOAR,20,ACKED,1776847183.1549857,1776847188.0174341,
412,75833466-b709-48d2-ba8b-9b94ee9dcbe2,2026-04-22 04:39:53.239097,"{0: 524, 1: 270, 2: 774, 3: 275, 4: 107, 5: 54}",RESTOCK,FISH,20,ACKED,1776847193.221348,1776847193.2411294,
413,0ac30305-290b-4aac-89d1-886c8ae8fec3,2026-04-22 04:40:03.264167,"{0: 526, 1: 271, 2: 776, 3: 276, 4: 107, 5: 54}",RESTOCK,BOAR,20,ACKED,1776847203.2452567,1776847203.265533,
414,f76e379a-f0bd-416e-8145-2ae086bda97a,2026-04-22 04:40:13.357395,"{0: 527, 1: 272, 2: 778, 3: 277, 4: 107, 5: 54}",RESTOCK,BOAR,20,ACKED,1776847213.3430424,1776847213.3583765,
415,4ce8d16e-6599-490f-9dc4-5e8fadfd3372,2026-04-22 04:40:23.479338,"{0: 530, 1: 273, 2: 781, 3: 278, 4: 107, 5: 54}",RESTOCK,FISH,20,ACKED,1776847223.4633796,1776847223.480513,
416,0cec2cdc-6266-446d-b5af-f1041810578b,2026-04-22 04:40:33.536930,"{0: 532, 1: 274, 2: 784, 3: 279, 4: 107, 5: 54}",RESTOCK,BOAR,20,ACKED,1776847233.5369303,,
417,8eb8ad2a-9957-46ba-a17b-94730c26df69,2026-04-22 04:40:43.675534,"{0: 533, 1: 275, 2: 787, 3: 280, 4: 107, 5: 54}",RESTOCK,FISH,20,ACKED,1776847243.6755345,,
418,8749b939-c834-407f-a6c9-2cd0a415ac45,2026-04-22 04:40:53.706173,"{0: 537, 1: 276, 2: 789, 3: 281, 4: 107, 5: 54}",RESTOCK,FISH,20,ACKED,1776847253.7061737,,
419,47df1308-1a28-4184-8dd1-9c8083d9b1f0,2026-04-22 04:41:28.913717,{},ELECT,,,DONE,1776847263.4898565,,
420,c40b4f02-46c8-48c7-9df0-8b3f3368543f,2026-04-22 04:41:13.857566,{},ELECT,,,DONE,1776847263.7219245,,
421,d57e3240-af35-4cfd-8490-78261abab838,2026-04-22 04:41:41.141226,{},ELECT,,,DONE,1776847301.1369784,,
422,f2e1556e-4b00-48d1-a594-8eb79ab2d01c,2026-04-22 04:41:42.247786,{},ELECT,,,DONE,1776847302.245778,,
423,43bacdde-5353-462c-8269-494296c77222,2026-04-22 04:42:10.403153,"{0: 540, 1: 279, 2: 794, 3: 282, 4: 114, 5: 54}",RESTOCK,FISH,20,ACKED,1776847315.719345,1776847330.404314,
424,a8281a43-9e81-4743-b2cb-8326b7a0d7e5,2026-04-22 04:42:10.423556,"{0: 542, 1: 280, 2: 796, 3: 283, 4: 114, 5: 54}",RESTOCK,FISH,20,ACKED,1776847325.7323449,1776847330.4245822,
425,9a16fe7f-3a37-4b4d-ab32-e4a928b4f1af,2026-04-22 04:42:12.293297,{},ELECT,,,DONE,1776847332.2913036,,
426,2e51303b-92ca-4d8a-9ba9-7f55e841d659,2026-04-22 04:42:15.892417,"{0: 544, 1: 282, 2: 796, 3: 284, 4: 114, 5: 54}",RESTOCK,FISH,20,ACKED,1776847335.8739533,1776847335.893441,
427,5f1146ce-f12a-4b9d-bf57-5deb397fd43e,2026-04-22 04:42:25.998839,"{0: 547, 1: 283, 2: 796, 3: 285, 4: 114, 5: 54}",RESTOCK,BOAR,20,ACKED,1776847345.9849007,1776847345.9998822,
428,70c7c1f9-e50e-43f0-8bb8-cec7229b10ca,2026-04-22 04:42:42.574603,"{0: 549, 1: 284, 2: 799, 3: 286, 4: 116, 5: 54}",RESTOCK,SALT,20,ACKED,1776847356.2013583,1776847362.5756876,
429,c9d2f675-67f3-4705-9188-5ece20e99643,2026-04-22 04:42:46.273035,"{0: 551, 1: 285, 2: 804, 3: 287, 4: 117, 5: 54}",RESTOCK,SALT,20,ACKED,1776847366.2580898,1776847366.2743442,
430,aa9648de-e9d0-4878-8502-682daf31f491,2026-04-22 04:42:56.326930,"{0: 553, 1: 286, 2: 808, 3: 288, 4: 119, 5: 54}",RESTOCK,FISH,20,ACKED,1776847376.3123438,1776847376.3279567,
431,2d13d908-9aee-4c18-ba4d-7a5ab18d3f0f,2026-04-22 04:43:06.427687,"{0: 555, 1: 287, 2: 811, 3: 289, 4: 120, 5: 54}",RESTOCK,SALT,20,ACKED,1776847386.4093456,1776847386.4286866,
432,42c12459-71f9-47b9-bbb7-5ed033535806,2026-04-22 04:43:16.432417,"{0: 557, 1: 288, 2: 814, 3: 290, 4: 122, 5: 54}",RESTOCK,FISH,20,ACKED,1776847396.4188597,1776847396.4337544,
433,e383f053-7e54-4e3d-b6b5-05ff75d19948,2026-04-22 04:43:26.461364,"{0: 560, 1: 289, 2: 818, 3: 291, 4: 124, 5: 54}",RESTOCK,SALT,20,ACKED,1776847406.4437258,1776847406.4625592,
434,65081c65-02c2-46c4-9652-84af7a19b113,2026-04-22 04:44:28.078074,"{0: 563, 1: 290, 2: 821, 3: 292, 4: 126, 5: 54}",RESTOCK,BOAR,20,ACKED,1776847416.5844452,1776847468.079137,
435,31095449-d33b-42ac-b2d3-440f22806a8e,2026-04-22 04:44:28.079137,"{0: 565, 1: 291, 2: 823, 3: 293, 4: 128, 5: 54}",RESTOCK,FISH,20,ACKED,1776847426.6524746,1776847468.0802007,
436,fc9d19c5-e885-42d4-a5ed-a38c050327d9,2026-04-22 04:44:28.081461,"{0: 569, 1: 292, 2: 826, 3: 294, 4: 130, 5: 54}",RESTOCK,FISH,20,ACKED,1776847436.7438798,1776847468.082464,
437,b5ddb9a9-fc07-425e-93e6-a06cdedb93a4,2026-04-22 04:43:57.911173,{},ELECT,,,DONE,1776847437.905945,,
438,9493651e-2206-40d6-8744-8d1db9d688bb,2026-04-22 04:43:57.913172,{},ELECT,,,DONE,1776847437.9079387,,
439,792b7234-24e3-4453-a862-1953dc1ad591,2026-04-22 04:43:57.917116,{},ELECT,,,DONE,1776847437.9144013,,
440,f0248a6b-5571-4e3e-83ad-ee6edd2073c6,2026-04-22 04:44:28.076029,"{0: 569, 1: 293, 2: 829, 3: 295, 4: 132, 5: 54}",RESTOCK,FISH,20,ACKED,1776847453.4648378,1776847468.077031,
441,01301168-c8cd-4055-8aee-8f0e73984a3a,2026-04-22 04:44:28.086944,{},ELECT,,,DONE,1776847468.0838916,,
442,06f49780-1851-4739-ae34-4755ace08966,2026-04-22 04:44:29.200028,{},ELECT,,,DONE,1776847469.1950674,,
443,bb2abeb5-e860-49c4-9a3c-b360a9e1bfe7,2026-04-22 04:44:30.310141,{},ELECT,,,DONE,1776847470.3070793,,
444,6c4867cf-1f96-4214-a96c-615fa2acc4fb,2026-04-22 04:44:59.257691,{},ELECT,,,DONE,1776847499.2491376,,
445,55a1a494-4eeb-4cfb-bd51-4451732371eb,2026-04-22 04:45:00.368909,{},ELECT,,,DONE,1776847500.3647673,,
446,283d144a-514a-417c-b540-88745c1a0ccf,2026-04-22 04:45:33.733731,"{0: 570, 1: 294, 2: 831, 3: 296, 4: 132, 5: 54}",RESTOCK,SALT,20,ACKED,1776847519.3632278,1776847533.7347357,
447,2e866035-a6bb-45ff-8814-1984f38fcb83,2026-04-22 04:45:33.749208,"{0: 573, 1: 295, 2: 834, 3: 297, 4: 132, 5: 54}",RESTOCK,SALT,20,ACKED,1776847529.4081843,1776847533.7503982,
448,a41a56d3-6fb9-472d-af40-df42aa9f406a,2026-04-22 04:45:39.490759,"{0: 574, 1: 296, 2: 837, 3: 298, 4: 132, 5: 54}",RESTOCK,BOAR,20,ACKED,1776847539.4764154,1776847539.4918075,
449,15d9176a-eda5-4d47-a161-3383917e60d5,2026-04-22 04:45:49.501193,"{0: 576, 1: 297, 2: 840, 3: 299, 4: 132, 5: 54}",RESTOCK,BOAR,20,ACKED,1776847549.4832735,1776847549.5022213,
450,65b3c3da-fe2b-46d3-80b2-f789120127ec,2026-04-22 04:45:59.582468,"{0: 578, 1: 298, 2: 842, 3: 300, 4: 132, 5: 54}",RESTOCK,SALT,20,ACKED,1776847559.5685296,1776847559.5837762,
451,afa8fc4f-b7f1-48b2-8f5b-f06d60f8a3e2,2026-04-22 04:46:09.676432,"{0: 582, 1: 299, 2: 845, 3: 301, 4: 132, 5: 54}",RESTOCK,FISH,20,ACKED,1776847569.661763,1776847569.6775227,
452,0609ddb2-95a3-4e92-995c-e054a8c9e7d9,2026-04-22 04:46:19.753252,"{0: 583, 1: 300, 2: 849, 3: 302, 4: 132, 5: 54}",RESTOCK,FISH,20,ACKED,1776847579.753253,,
453,e68e07df-b835-4ea3-b171-90fb0a963d80,2026-04-22 04:46:29.882713,"{0: 585, 1: 301, 2: 852, 3: 303, 4: 132, 5: 54}",RESTOCK,FISH,20,ACKED,1776847589.8827136,,
454,8f656d09-9688-40bc-87a7-3a617d326a98,2026-04-22 04:46:39.930853,"{0: 588, 1: 302, 2: 855, 3: 304, 4: 132, 5: 54}",RESTOCK,SALT,20,ACKED,1776847599.9308538,,
455,0ae8f903-f377-4619-babd-eab947a93479,2026-04-22 04:46:49.161661,{},ELECT,,,NEEDS_RESEND,1776847609.1616616,,
456,85f824fd-e9e4-43d5-8a26-fb914bfeadba,2026-04-22 04:46:59.977091,{},ELECT,,,DONE,1776847609.7902784,,
457,9b95f82a-49ee-47e1-9bc4-01f22a7a3ad5,2026-04-22 04:47:22.396891,"{0: 591, 1: 303, 2: 860, 3: 305, 4: 132, 5: 54}",RESTOCK,SALT,20,ACKED,1776847635.1095355,1776847642.3979259,
458,3e61e58a-5b4f-42e4-b0bf-5bfa38876291,2026-04-22 04:47:22.774690,{},ELECT,,,DONE,1776847642.7710109,,
459,7bad115b-6e25-4326-bf9d-c36dde556d12,2026-04-22 04:47:22.789991,{},ELECT,,,DONE,1776847642.7865236,,
460,d2413e36-cdf8-4ac1-9374-7fd8035b99d4,2026-04-22 04:47:23.236800,{},ELECT,,,DONE,1776847643.232515,,
461,61d91a78-f95c-41df-b508-e0756dd40eaa,2026-04-22 04:47:25.242608,"{0: 591, 1: 303, 2: 860, 3: 306, 4: 132, 5: 54}",RESTOCK,FISH,20,ACKED,1776847645.2157218,1776847645.2436318,
462,72fe152a-6cdd-4af2-a3db-85f44ad74116,2026-04-22 04:47:35.320022,"{0: 591, 1: 303, 2: 860, 3: 307, 4: 132, 5: 54}",RESTOCK,SALT,20,ACKED,1776847655.3004131,1776847655.3205268,
463,8cc0a82f-0112-4b48-9e9a-609fe5ac6170,2026-04-22 04:47:45.367464,"{0: 591, 1: 303, 2: 860, 3: 308, 4: 132, 5: 54}",RESTOCK,SALT,20,ACKED,1776847665.3390644,1776847665.3684905,
464,4de9cf5a-63b1-4501-8649-f0ed1eac6fcf,2026-04-22 04:47:52.980748,{},ELECT,,,DONE,1776847672.9764905,,
465,450c2417-42f6-4b5a-8eb7-d7f3a6afafe6,2026-04-22 04:47:52.986136,{},ELECT,,,DONE,1776847672.984087,,
466,5592c5ed-edbb-4cbe-b8e1-d8227b455043,2026-04-22 04:47:53.304974,{},ELECT,,,DONE,1776847673.3019824,,
467,3a84f6e7-cc4d-448e-8bdc-c6b2b89ae71a,2026-04-22 04:47:55.439345,"{0: 591, 1: 303, 2: 860, 3: 309, 4: 132, 5: 54}",RESTOCK,BOAR,20,ACKED,1776847675.408642,1776847675.4405534,
468,22aef271-9555-42f3-ad1c-e80aff3cc9e2,2026-04-22 04:48:05.560110,"{0: 591, 1: 303, 2: 860, 3: 310, 4: 132, 5: 54}",RESTOCK,BOAR,20,ACKED,1776847685.5403504,1776847685.561137,
469,fbc7d565-a038-4c4b-9571-4832e46c52e7,2026-04-22 04:48:25.028139,"{0: 593, 1: 304, 2: 863, 3: 311, 4: 132, 5: 54}",RESTOCK,FISH,20,ACKED,1776847695.6610277,1776847705.0301654,
470,73d191c1-f89c-4cb1-965c-2fd1950fa355,2026-04-22 04:48:25.771874,"{0: 594, 1: 305, 2: 866, 3: 312, 4: 132, 5: 54}",RESTOCK,BOAR,20,ACKED,1776847705.751551,1776847705.7728765,
471,a65616e3-d8e3-48f5-a8db-2cc878282d59,2026-04-22 04:48:35.893155,"{0: 596, 1: 306, 2: 870, 3: 313, 4: 132, 5: 54}",RESTOCK,SALT,20,ACKED,1776847715.8780458,1776847715.8943708,
472,b98c1e9b-a351-498a-890d-c71bb3442935,2026-04-22 04:48:45.983449,"{0: 599, 1: 307, 2: 873, 3: 314, 4: 132, 5: 54}",RESTOCK,BOAR,20,ACKED,1776847725.9650037,1776847725.9844806,
473,7f6721af-0f3f-461a-97a0-21eb887ac7ef,2026-04-22 04:48:56.022203,"{0: 601, 1: 308, 2: 876, 3: 315, 4: 132, 5: 54}",RESTOCK,BOAR,20,ACKED,1776847736.0037467,1776847736.023519,
474,53927e76-f68e-47bc-ae0e-5de62aa1d7e9,2026-04-22 04:49:06.038134,"{0: 602, 1: 309, 2: 879, 3: 316, 4: 132, 5: 54}",RESTOCK,BOAR,20,ACKED,1776847746.0232868,1776847746.0400639,
475,81b4770c-3353-4032-bd57-f4294996d8f2,2026-04-22 04:49:16.149347,"{0: 605, 1: 310, 2: 881, 3: 317, 4: 132, 5: 54}",RESTOCK,BOAR,20,ACKED,1776847756.149347,,
476,1279393b-92d6-49d9-b395-2b54792ad65b,2026-04-22 04:49:26.372611,"{0: 607, 1: 311, 2: 885, 3: 318, 4: 132, 5: 54}",RESTOCK,FISH,20,ACKED,1776847766.3726115,,
477,53129762-1b96-47cd-b55a-e267c0fc6202,2026-04-22 04:49:36.547896,"{0: 608, 1: 312, 2: 888, 3: 319, 4: 132, 5: 54}",RESTOCK,BOAR,20,ACKED,1776847776.5478964,,
478,241df08f-336b-4cf2-8e09-dd19c94197d3,2026-04-22 04:49:40.743147,{},ELECT,,,NEEDS_RESEND,1776847780.7431479,,
479,33131f1f-2819-41d8-84d2-98a872360498,2026-04-22 04:49:56.454331,{},ELECT,,,DONE,1776847786.3092341,,
480,2ff11e5b-2746-42f7-bc62-13f06d4c3db7,2026-04-22 04:50:19.091148,"{0: 612, 1: 314, 2: 892, 3: 320, 4: 132, 5: 54}",RESTOCK,FISH,20,ACKED,1776847811.5910797,1776847819.0921743,
481,7afce00e-cc1d-4ffe-a51a-94579217e977,2026-04-22 04:50:19.054264,{},ELECT,,,DONE,1776847813.9403803,,
482,b11561fd-ed22-4ccb-af0a-4061881019df,2026-04-22 04:50:21.697169,"{0: 612, 1: 314, 2: 892, 3: 321, 4: 132, 5: 54}",RESTOCK,FISH,20,ACKED,1776847821.6779346,1776847821.698197,
483,14899f29-358a-412e-9226-708931f18305,2026-04-22 04:50:31.802313,"{0: 612, 1: 314, 2: 892, 3: 322, 4: 132, 5: 54}",RESTOCK,SALT,20,ACKED,1776847831.7702441,1776847831.803679,
484,dc3d6890-1e3f-4473-86cf-171260c13072,2026-04-22 04:50:41.857125,"{0: 612, 1: 314, 2: 892, 3: 323, 4: 132, 5: 54}",RESTOCK,SALT,20,ACKED,1776847841.8282259,1776847841.8581512,
485,9cf538c6-7a53-40dd-b1d6-71529479970a,2026-04-22 04:50:44.196939,{},ELECT,,,DONE,1776847844.1948771,,
486,6edd2ce4-1f74-437c-a766-e1cd4ecdb488,2026-04-22 04:50:44.650856,{},ELECT,,,DONE,1776847844.64876,,
487,b7ffc193-20c6-4dfb-aeb8-734dce1e26c7,2026-04-22 04:50:45.200272,{},ELECT,,,DONE,1776847845.1953306,,
488,73f837cb-2f10-4a4a-9a2c-a6a490db7f22,2026-04-22 04:50:51.901235,"{0: 612, 1: 314, 2: 892, 3: 324, 4: 132, 5: 54}",RESTOCK,SALT,20,ACKED,1776847851.881117,1776847851.9023364,
489,25e434a8-8e9b-4640-8fdb-68cc4771e12e,2026-04-22 04:51:01.980165,"{0: 612, 1: 314, 2: 892, 3: 325, 4: 132, 5: 54}",RESTOCK,FISH,20,ACKED,1776847861.9588287,1776847861.9823573,
490,201cdfaa-c322-4a89-8098-fcfa71802cad,2026-04-22 04:51:21.637203,"{0: 614, 1: 315, 2: 894, 3: 326, 4: 132, 5: 54}",RESTOCK,FISH,20,ACKED,1776847872.0465696,1776847881.6384983,
491,3512af14-d3b4-4d62-8569-17a7a49d167a,2026-04-22 04:51:22.155396,"{0: 616, 1: 316, 2: 898, 3: 327, 4: 132, 5: 54}",RESTOCK,SALT,20,ACKED,1776847882.1368098,1776847882.1568942,
492,a9d5222d-50b6-446a-aac6-756093dd7fa7,2026-04-22 04:51:32.285948,"{0: 620, 1: 317, 2: 900, 3: 328, 4: 132, 5: 54}",RESTOCK,FISH,20,ACKED,1776847892.2653987,1776847892.2869463,
493,6c095378-2f1a-4bb6-9ea8-29edb2498c91,2026-04-22 04:51:42.310130,"{0: 621, 1: 318, 2: 904, 3: 329, 4: 132, 5: 54}",RESTOCK,SALT,20,ACKED,1776847902.2949154,1776847902.3122542,
494,385c213f-e7a8-4d08-9cef-b9c2bb60af65,2026-04-22 04:51:52.417200,"{0: 623, 1: 319, 2: 906, 3: 330, 4: 132, 5: 54}",RESTOCK,BOAR,20,ACKED,1776847912.4012437,1776847912.4184744,
495,b9e3dcb5-cd6c-4d47-88a7-e4b52d5b6a5c,2026-04-22 04:52:02.547953,"{0: 625, 1: 320, 2: 910, 3: 331, 4: 132, 5: 54}",RESTOCK,FISH,20,ACKED,1776847922.5275593,1776847922.5493417,
496,ef709b9a-ea36-4577-b17a-652d11a8f88f,2026-04-22 04:52:12.648152,"{0: 626, 1: 321, 2: 912, 3: 332, 4: 132, 5: 54}",RESTOCK,BOAR,20,ACKED,1776847932.6481526,,
497,97809934-9e4c-444c-8ad6-ba5aefa03b34,2026-04-22 04:52:22.701730,"{0: 628, 1: 322, 2: 915, 3: 333, 4: 132, 5: 54}",RESTOCK,FISH,20,ACKED,1776847942.7017307,,
498,712948d8-f84f-48e7-b6ac-8dfc7d0f2a29,2026-04-22 04:52:32.822094,"{0: 630, 1: 323, 2: 918, 3: 334, 4: 132, 5: 54}",RESTOCK,SALT,20,ACKED,1776847952.822094,,
499,0f018617-b2e4-40e3-bd51-556278e2975d,2026-04-22 04:52:37.542593,{},ELECT,,,NEEDS_RESEND,1776847957.5425932,,
500,bc9f31bf-3260-4283-8bf1-ae9a843ce111,2026-04-22 04:52:37.543624,{},ELECT,,,NEEDS_RESEND,1776847957.5436242,,
501,dec975ee-a421-4bf5-99f2-f2c62153603a,2026-04-22 04:52:53.064966,{},ELECT,,,DONE,1776847962.8924453,,
502,6402ed3b-1644-4c16-abc4-09f95d3a0083,2026-04-22 04:53:12.739150,"{0: 631, 1: 324, 2: 922, 3: 335, 4: 132, 5: 54}",RESTOCK,BOAR,20,ACKED,1776847988.2074368,1776847992.741178,
503,441caeb4-9ffe-42a5-8ba9-efa18aaeaea8,2026-04-22 04:53:12.705480,{},ELECT,,,DONE,1776847990.71857,,
504,c871c199-7514-4b4e-a26c-0637166a11bb,2026-04-22 04:53:18.347657,"{0: 631, 1: 324, 2: 922, 3: 336, 4: 132, 5: 54}",RESTOCK,FISH,20,ACKED,1776847998.3266065,1776847998.3491082,
505,a489bd33-495d-4195-b46a-4383b4eebdff,2026-04-22 04:53:28.463712,"{0: 631, 1: 324, 2: 922, 3: 337, 4: 132, 5: 54}",RESTOCK,FISH,20,ACKED,1776848008.4461904,1776848008.4647179,
506,a7133030-f0d4-4ad5-bfea-f0afbe107901,2026-04-22 04:53:38.509655,"{0: 631, 1: 324, 2: 922, 3: 338, 4: 132, 5: 54}",RESTOCK,FISH,20,ACKED,1776848018.4930217,1776848018.5106575,
507,04565e47-be97-4cec-9565-6c3c2e4469ae,2026-04-22 04:53:40.933163,{},ELECT,,,DONE,1776848020.93111,,
508,73111764-4ec9-48d3-8e90-8f0c2a4db2ac,2026-04-22 04:53:41.302233,{},ELECT,,,DONE,1776848021.2980518,,
509,55bd9a5f-7b82-42ef-872b-cf056c41a83f,2026-04-22 04:53:41.844848,{},ELECT,,,DONE,1776848021.84174,,
510,563f0132-f6c5-4949-85fa-c5a5abf106dc,2026-04-22 04:53:42.420428,{},ELECT,,,DONE,1776848022.4172566,,
511,7b7291eb-b522-4201-bd33-5fe43559dfe0,2026-04-22 04:53:48.523479,"{0: 631, 1: 324, 2: 922, 3: 339, 4: 132, 5: 54}",RESTOCK,FISH,20,ACKED,1776848028.5028787,1776848028.524777,
512,1ee8a171-7d98-48b6-aa39-8a22f0681738,2026-04-22 04:54:28.869097,"{0: 631, 1: 324, 2: 922, 3: 340, 4: 132, 5: 54}",RESTOCK,SALT,20,ACKED,1776848038.5933003,1776848068.8701944,
513,93e783f6-174c-487b-a015-0eeeb0cbc086,2026-04-22 04:54:22.642001,"{0: 632, 1: 324, 2: 924, 3: 341, 4: 132, 5: 54}",RESTOCK,BOAR,20,ACKED,1776848048.6293344,1776848062.6441586,
514,1cf57a37-0dc7-4ef9-8a69-25f4a403490d,2026-04-22 04:54:22.644158,"{0: 633, 1: 325, 2: 927, 3: 342, 4: 132, 5: 54}",RESTOCK,SALT,20,ACKED,1776848058.7386672,1776848062.6463265,
515,03e8434f-b25d-41ad-97c1-9af2d9d4412e,2026-04-22 04:54:28.737473,{},ELECT,,,DONE,1776848068.7237644,,
516,bfce06e7-301d-4f70-bea8-c773a7cc8951,2026-04-22 04:54:28.866898,"{0: 635, 1: 326, 2: 929, 3: 343, 4: 132, 5: 54}",RESTOCK,BOAR,20,ACKED,1776848068.845634,1776848068.8690975,
517,c951221b-d55c-4c26-b7e7-7d22c98e4e14,2026-04-22 04:54:38.940409,"{0: 637, 1: 327, 2: 931, 3: 344, 4: 132, 5: 54}",RESTOCK,FISH,20,ACKED,1776848078.923453,1776848078.9416735,
518,7d52d7f2-1756-4b54-8949-a052400666db,2026-04-22 04:54:49.009372,"{0: 639, 1: 328, 2: 935, 3: 345, 4: 132, 5: 54}",RESTOCK,BOAR,20,ACKED,1776848088.992851,1776848089.0105422,
519,f5068f17-041c-48b0-9ca8-92602edd387b,2026-04-22 04:54:59.065207,"{0: 640, 1: 329, 2: 937, 3: 346, 4: 132, 5: 54}",RESTOCK,SALT,20,ACKED,1776848099.0480742,1776848099.0662305,
520,15cef301-075f-40e6-b702-efd877cc1d00,2026-04-22 04:55:09.080627,"{0: 642, 1: 330, 2: 940, 3: 347, 4: 132, 5: 54}",RESTOCK,FISH,20,ACKED,1776848109.0627375,1776848109.0817802,
521,eca953b9-1509-4db2-a45d-87243d88710d,2026-04-22 04:55:19.132747,"{0: 645, 1: 331, 2: 942, 3: 348, 4: 132, 5: 54}",RESTOCK,FISH,20,ACKED,1776848119.1122742,1776848119.1332502,
522,d205b0ce-ba4f-4826-bc49-9ea93d6e9640,2026-04-22 04:55:29.144133,"{0: 647, 1: 332, 2: 945, 3: 349, 4: 132, 5: 54}",RESTOCK,FISH,20,ACKED,1776848129.144133,,
523,c703c79e-f108-4015-913e-e544f094e75f,2026-04-22 04:55:39.267104,"{0: 648, 1: 333, 2: 949, 3: 350, 4: 132, 5: 54}",RESTOCK,BOAR,20,ACKED,1776848139.2671046,,
524,ab4f2dc3-458b-4093-8251-6c0b3a184e73,2026-04-22 04:55:49.382700,"{0: 650, 1: 334, 2: 951, 3: 351, 4: 132, 5: 54}",RESTOCK,FISH,20,ACKED,1776848149.3827002,,
525,f432d812-9add-4677-931d-11f0058d0502,2026-04-22 04:56:06.086271,{},ELECT,,,DONE,1776848158.982845,,
526,c5be5d9b-71af-41ef-9e34-1c06580df891,2026-04-22 04:56:06.091760,{},ELECT,,,DONE,1776848159.3451228,,
527,2c1d59a2-ac6f-4175-afe1-fe70be0fd19c,2026-04-22 04:56:29.471350,{},ELECT,,,DONE,1776848189.4592748,,
528,2a4a8411-8351-4fd4-bd33-7310ee823684,2026-04-22 04:56:29.547957,{},ELECT,,,DONE,1776848189.5438468,,
529,af15df68-17ce-4c27-8641-15d18863e592,2026-04-22 04:56:30.670831,{},ELECT,,,DONE,1776848190.6677234,,
530,7e1a735d-bef6-4725-be9b-0469df505841,2026-04-22 04:57:09.740915,{},ELECT,,,DONE,1776848219.6116438,,
531,d2cdc47f-eaf6-4d49-8e4f-ffe9d508b0b0,2026-04-22 04:57:34.832889,"{0: 654, 1: 336, 2: 959, 3: 352, 4: 132, 5: 54}",RESTOCK,BOAR,20,ACKED,1776848244.8725832,1776848254.8339233,
532,5d5c7b5b-787e-4bf8-9869-d6888cfb2c38,2026-04-22 04:57:34.800994,{},ELECT,,,DONE,1776848250.189466,,
533,24a83d4c-83da-4ffd-8fe1-973a2d21b8fa,2026-04-22 04:57:34.961697,"{0: 654, 1: 336, 2: 959, 3: 353, 4: 132, 5: 54}",RESTOCK,SALT,20,ACKED,1776848254.94326,1776848254.9627447,
534,beae33c3-f109-4960-9c5f-52d12c713326,2026-04-22 04:57:45.076525,"{0: 656, 1: 337, 2: 962, 3: 354, 4: 132, 5: 54}",RESTOCK,FISH,20,ACKED,1776848265.0601375,1776848265.0775642,
535,7099139d-8ec8-49db-8358-c05775aceabb,2026-04-22 04:57:55.086540,"{0: 658, 1: 338, 2: 965, 3: 355, 4: 132, 5: 54}",RESTOCK,SALT,20,ACKED,1776848275.069875,1776848275.0875673,
536,d73a0adc-57a6-4959-b09a-6c93770a93b2,2026-04-22 04:58:05.186028,"{0: 661, 1: 339, 2: 969, 3: 356, 4: 132, 5: 54}",RESTOCK,BOAR,20,ACKED,1776848285.1673622,1776848285.1870806,
537,19a9b1e7-5314-4746-aa68-c4bd7d4beb8c,2026-04-22 04:58:15.197958,"{0: 662, 1: 340, 2: 971, 3: 357, 4: 132, 5: 54}",RESTOCK,BOAR,20,ACKED,1776848295.1802924,1776848295.1991885,
538,6c630499-2bb7-4e27-a78d-a064e1a08fcf,2026-04-22 04:58:25.321812,"{0: 664, 1: 341, 2: 975, 3: 358, 4: 132, 5: 54}",RESTOCK,FISH,20,ACKED,1776848305.299427,1776848305.323052,
539,c2ebe279-a09b-4882-b0c4-e69a34f37be9,2026-04-22 04:58:35.334699,"{0: 667, 1: 342, 2: 978, 3: 359, 4: 132, 5: 54}",RESTOCK,FISH,20,ACKED,1776848315.3346996,,
540,ba49bdcb-b7c4-4362-b314-dc9d8824ff9b,2026-04-22 04:58:57.397402,"{0: 668, 1: 343, 2: 982, 3: 360, 4: 132, 5: 54}",RESTOCK,BOAR,20,ACKED,1776848325.4302406,1776848337.3986497,
541,bc929637-e945-485b-9329-065fafd926de,2026-04-22 04:58:57.412676,"{0: 670, 1: 344, 2: 985, 3: 361, 4: 132, 5: 54}",RESTOCK,SALT,20,ACKED,1776848335.4729517,1776848337.4147403,
542,be6d2377-25da-4216-a0bf-3858486c644a,2026-04-22 04:59:05.073278,{},ELECT,,,DONE,1776848345.0639648,,
543,1ec3c826-445b-4077-8777-1507e6604d80,2026-04-22 04:59:35.508477,{},ELECT,,,DONE,1776848375.502867,,
544,15e2c1dd-e293-4fd7-ab6b-b56e7ebaf60c,2026-04-22 04:59:35.510591,{},ELECT,,,DONE,1776848375.5054119,,
545,8fd4a1da-326f-4cfd-ade2-d44e1584ef46,2026-04-22 05:00:15.739959,{},ELECT,,,DONE,1776848405.583946,,
546,43648cfb-890b-48a7-84dc-060a600e5179,2026-04-22 05:00:15.739959,{},ELECT,,,DONE,1776848405.5869381,,
547,6495888b-e05c-4a8b-9e30-d07451ca3ec8,2026-04-22 05:00:40.831385,"{0: 674, 1: 346, 2: 991, 3: 362, 4: 132, 5: 54}",RESTOCK,SALT,20,ACKED,1776848430.8765848,1776848440.8325388,
548,540a9ec2-7fb7-45b1-8faf-ed4f4337f58b,2026-04-22 05:00:40.809827,{},ELECT,,,DONE,1776848436.1806498,,
549,2141fb60-51db-442f-8fea-6e1de001a1a6,2026-04-22 05:00:40.950420,"{0: 674, 1: 346, 2: 991, 3: 363, 4: 132, 5: 54}",RESTOCK,BOAR,20,ACKED,1776848440.933106,1776848440.9518385,
550,dd7bd0ad-c00c-4c94-b543-2005ffc4a96e,2026-04-22 05:00:51.019238,"{0: 677, 1: 347, 2: 996, 3: 364, 4: 132, 5: 54}",RESTOCK,FISH,20,ACKED,1776848451.0023181,1776848451.020265,
551,b3e70851-96d4-437f-a37a-ed7231651365,2026-04-22 05:01:01.073062,"{0: 678, 1: 348, 2: 1000, 3: 365, 4: 132, 5: 54}",RESTOCK,SALT,20,ACKED,1776848461.048935,1776848461.0742395,
